timestamp,1323_transform_pitch,1323_transform_yaw,1323_transform_roll,1323_vel_x,1323_vel_y,1323_vel_z,1323_angular_vel_x,1323_angular_vel_y,1323_angular_vel_z,1323_acc_x,1323_acc_y,1323_acc_z,1324_transform_pitch,1324_transform_yaw,1324_transform_roll,1324_vel_x,1324_vel_y,1324_vel_z,1324_angular_vel_x,1324_angular_vel_y,1324_angular_vel_z,1324_acc_x,1324_acc_y,1324_acc_z
1576073045298,0.0,0.0,0.0,1.0502511749166388e-08,-9.378496912404444e-08,0.028386704623699188,2.911307274189312e-05,-3.7687773328798357e-06,-1.0544730887074305e-11,1.2886232525488595e-06,-4.713127054856159e-06,-0.16391649842262268,0.0,-179.99996948242188,0.0,0.0,0.0,-7.808070659637451,0.0,0.0,0.0,0.0,0.0,-9.723529815673828
1576073045371,0.0,0.0,0.0,-2.1121303817039916e-08,1.8361465947691613e-07,0.021864239126443863,-2.5864021608867915e-06,7.837824341550004e-06,8.687015551345212e-09,-6.324763148768398e-07,5.5479927141277585e-06,-0.1304493099451065,0.0,-179.99996948242188,0.0,0.0,0.0,-8.2940034866333,0.0,0.0,0.0,0.0,0.0,-9.718656539916992
1576073045414,0.0,0.0,0.0,1.2374332669651267e-08,3.92427978113119e-07,0.01673617772758007,5.296455128700472e-06,-4.4464059101301245e-06,-5.176505002424392e-09,6.699127652609604e-07,4.176266429567477e-06,-0.10256122797727585,0.0,-179.99996948242188,0.0,0.0,0.0,-8.779693603515625,0.0,0.0,0.0,0.0,0.0,-9.713802337646484
1576073045458,0.0,0.0,0.0,-4.9691752934677424e-08,3.201502352112584e-08,0.012740720063447952,-6.168094114400446e-05,1.808553315640893e-05,1.348906852882692e-08,-1.2413216836648644e-06,-7.208259376056958e-06,-0.07990915328264236,0.0,-179.99996948242188,0.0,0.0,0.0,-9.265140533447266,0.0,0.0,0.0,0.0,0.0,-9.708938598632812
1576073045516,0.0,0.0,0.0,1.4979912421608788e-08,-3.366482204114618e-08,0.009653465822339058,1.1973683285759762e-05,-5.377989054977661e-06,-5.894680576989941e-11,1.293433342652861e-06,-1.3135968401911668e-06,-0.06174508482217789,0.0,-179.99996948242188,0.0,0.0,0.0,-9.750345230102539,0.0,0.0,0.0,0.0,0.0,-9.704093933105469
1576073045565,0.0,0.0,0.0,1.427436924217318e-08,4.576514101017892e-08,0.007283694110810757,1.3592108189186547e-05,-5.68252517041401e-06,1.8288928149701178e-09,-1.4110863588712164e-08,1.5885993889241945e-06,-0.047395434230566025,0.0,-179.99996948242188,0.0,0.0,0.0,-10.235307693481445,0.0,0.0,0.0,0.0,0.0,-9.699249267578125
1576073045606,0.0,0.0,0.0,0.0,0.0,0.0,0.0,0.0,0.0,-2.8548737418532255e-07,-9.153028486252879e-07,-0.14567388594150543,0.0,-179.99996948242188,0.0,0.0,0.0,-10.720027923583984,0.0,0.0,0.0,0.0,0.0,-9.694404602050781
1576073045650,0.0,0.0,0.0,0.0,0.0,0.0,0.0,0.0,0.0,0.0,0.0,0.0,0.0,-179.99996948242188,0.0,0.0,0.0,-11.204506874084473,0.0,0.0,0.0,0.0,0.0,-9.689579010009766
1576073045713,0.0,0.0,0.0,0.0,0.0,0.0,0.0,0.0,0.0,0.0,0.0,0.0,0.0,-179.99996948242188,0.0,0.0,0.0,-11.688743591308594,0.0,0.0,0.0,0.0,0.0,-9.684734344482422
1576073045755,0.0,0.0,0.0,0.0,0.0,0.0,0.0,0.0,0.0,0.0,0.0,0.0,0.0,-179.99996948242188,0.0,0.0,0.0,-12.172739028930664,0.0,0.0,0.0,0.0,0.0,-9.679908752441406
1576073045798,0.0,0.0,0.0,0.0,0.0,0.0,0.0,0.0,0.0,0.0,0.0,0.0,0.0,-179.99996948242188,0.0,0.0,0.0,-12.656492233276367,0.0,0.0,0.0,0.0,0.0,-9.675064086914062
1576073045876,0.0,0.0,0.0,0.0,0.0,0.0,0.0,0.0,0.0,0.0,0.0,0.0,0.0,-179.99996948242188,0.0,0.0,0.0,-13.14000415802002,0.0,0.0,0.0,0.0,0.0,-9.670238494873047
1576073045930,0.0,0.0,0.0,0.0,0.0,0.0,0.0,0.0,0.0,0.0,0.0,0.0,0.0,-179.99996948242188,0.0,0.0,0.0,-13.623274803161621,0.0,0.0,0.0,0.0,0.0,-9.665412902832031
1576073045970,0.0,0.0,0.0,0.0,0.0,0.0,0.0,0.0,0.0,0.0,0.0,0.0,0.0,-179.99996948242188,0.0,0.0,0.0,-14.106303215026855,0.0,0.0,0.0,0.0,0.0,-9.660568237304688
1576073046014,0.0,0.0,0.0,0.0,0.0,0.0,0.0,0.0,0.0,0.0,0.0,0.0,0.0,-179.99996948242188,0.0,0.0,0.0,-14.589090347290039,0.0,0.0,0.0,0.0,0.0,-9.655742645263672
1576073046070,0.0,0.0,0.0,0.0,0.0,0.0,0.0,0.0,0.0,0.0,0.0,0.0,0.0,-179.99996948242188,0.0,0.0,0.0,-15.071635246276855,0.0,0.0,0.0,0.0,0.0,-9.650897979736328
1576073046110,0.0,0.0,0.0,0.0,0.0,0.0,0.0,0.0,0.0,0.0,0.0,0.0,0.0,-179.99996948242188,0.0,0.0,0.0,-15.553938865661621,0.0,0.0,0.0,0.0,0.0,-9.646072387695312
1576073046167,0.0,0.0,0.0,0.0,0.0,0.0,0.0,0.0,0.0,0.0,0.0,0.0,0.0,-179.99996948242188,0.0,0.0,0.0,-16.036001205444336,0.0,0.0,0.0,0.0,0.0,-9.641246795654297
1576073046210,0.0,0.0,0.0,0.0,0.0,0.0,0.0,0.0,0.0,0.0,0.0,0.0,0.0,-179.99996948242188,0.0,0.0,0.0,-16.517822265625,0.0,0.0,0.0,0.0,0.0,-9.636421203613281
1576073046260,0.0,0.0,0.0,0.0,0.0,0.0,0.0,0.0,0.0,0.0,0.0,0.0,0.0,-179.99996948242188,0.0,0.0,0.0,-16.99940299987793,0.0,0.0,0.0,0.0,0.0,-9.631614685058594
1576073046306,0.0,0.0,0.0,0.0,0.0,0.0,0.0,0.0,0.0,0.0,0.0,0.0,0.0,-179.99996948242188,0.0,0.0,0.0,-17.480743408203125,0.0,0.0,0.0,0.0,0.0,-9.626808166503906
1576073046362,0.0,0.0,0.0,0.0,0.0,0.0,0.0,0.0,0.0,0.0,0.0,0.0,0.0,-179.99996948242188,0.0,0.0,0.0,-17.961843490600586,0.0,0.0,0.0,0.0,0.0,-9.622001647949219
1576073046402,0.0,0.0,0.0,0.0,0.0,0.0,0.0,0.0,0.0,0.0,0.0,0.0,0.0,-179.99996948242188,0.0,0.0,0.0,-18.44270133972168,0.0,0.0,0.0,0.0,0.0,-9.617156982421875
1576073046464,0.0,0.0,0.0,0.0,0.0,0.0,0.0,0.0,0.0,0.0,0.0,0.0,0.0,-179.99996948242188,0.0,0.0,0.0,-18.923320770263672,0.0,0.0,0.0,0.0,0.0,-9.612388610839844
1576073046506,0.0,0.0,0.0,0.0,0.0,0.0,0.0,0.0,0.0,0.0,0.0,0.0,0.0,-179.99996948242188,0.0,0.0,0.0,-19.403697967529297,0.0,0.0,0.0,0.0,0.0,-9.6075439453125
1576073046557,0.0,0.0,0.0,0.0,0.0,0.0,0.0,0.0,0.0,0.0,0.0,0.0,0.0,-179.99996948242188,0.0,0.0,0.0,-19.88383674621582,0.0,0.0,0.0,0.0,0.0,-9.602775573730469
1576073046622,0.0,0.0,0.0,0.0,0.0,0.0,0.0,0.0,0.0,0.0,0.0,0.0,0.0,-179.99996948242188,0.0,0.0,0.0,-20.36373519897461,0.0,0.0,0.0,0.0,0.0,-9.597969055175781
1576073046682,0.0,0.0,0.0,0.0,0.0,0.0,0.0,0.0,0.0,0.0,0.0,0.0,0.0,-179.99996948242188,0.0,0.0,0.0,-20.84339141845703,0.0,0.0,0.0,0.0,0.0,-9.593124389648438
1576073046738,0.0,0.0,0.0,0.0,0.0,0.0,0.0,0.0,0.0,0.0,0.0,0.0,0.0,-179.99996948242188,0.0,0.0,0.0,-21.322805404663086,0.0,0.0,0.0,0.0,0.0,-9.588279724121094
1576073046778,0.0,0.0,0.0,0.0,0.0,0.0,0.0,0.0,0.0,0.0,0.0,0.0,0.0,-179.99996948242188,0.0,0.0,0.0,-21.801979064941406,0.0,0.0,0.0,0.0,0.0,-9.583473205566406
1576073046822,0.0,0.0,0.0,0.0,0.0,0.0,0.0,0.0,0.0,0.0,0.0,0.0,0.0,-179.99996948242188,0.0,0.0,0.0,-22.28091812133789,0.0,0.0,0.0,0.0,0.0,-9.578781127929688
1576073047101,0.0,0.0,0.0,0.0,0.0,0.0,0.0,0.0,0.0,0.0,0.0,0.0,0.0,-179.99996948242188,0.0,0.0,0.0,-22.759613037109375,0.0,0.0,0.0,0.0,0.0,-9.573898315429688
1576073047254,0.0,0.0,0.0,0.0,0.0,0.0,0.0,0.0,0.0,0.0,0.0,0.0,0.0,-179.99996948242188,0.0,0.0,0.0,-23.238067626953125,0.0,0.0,0.0,0.0,0.0,-9.569091796875
1576073047428,0.0,0.0,0.0,0.0,0.0,0.0,0.0,0.0,0.0,0.0,0.0,0.0,0.0,-179.99996948242188,0.0,0.0,0.0,-23.71628761291504,0.0,0.0,0.0,0.0,0.0,-9.564399719238281
1576073047542,0.0,0.0,0.0,0.0,0.0,0.0,0.0,0.0,0.0,0.0,0.0,0.0,0.0,-179.99996948242188,0.0,0.0,0.0,-24.19426727294922,0.0,0.0,0.0,0.0,0.0,-9.559593200683594
1576073047696,0.0,0.0,0.0,0.0,0.0,0.0,0.0,0.0,0.0,0.0,0.0,0.0,0.0,-179.99996948242188,0.0,0.0,0.0,-24.672006607055664,0.0,0.0,0.0,0.0,0.0,-9.554786682128906
1576073047854,0.0,0.0,0.0,0.0,0.0,0.0,0.0,0.0,0.0,0.0,0.0,0.0,0.0,-179.99996948242188,0.0,0.0,0.0,-25.14950942993164,0.0,0.0,0.0,0.0,0.0,-9.550056457519531
1576073048094,0.0,0.0,0.0,0.0,0.0,0.0,0.0,0.0,0.0,0.0,0.0,0.0,0.0,-179.99996948242188,0.0,0.0,0.0,-25.62677001953125,0.0,0.0,0.0,0.0,0.0,-9.545211791992188
1576073048258,0.0,0.0,0.0,0.0,0.0,0.0,0.0,0.0,0.0,0.0,0.0,0.0,0.0,-179.99996948242188,0.0,0.0,0.0,-26.103796005249023,0.0,0.0,0.0,0.0,0.0,-9.540519714355469
1576073048422,0.0,0.0,0.0,0.0,0.0,0.0,0.0,0.0,0.0,0.0,0.0,0.0,0.0,-179.99996948242188,0.0,0.0,0.0,-26.58057975769043,0.0,0.0,0.0,0.0,0.0,-9.535675048828125
1576073048567,0.0,0.0,0.0,0.0,0.0,0.0,0.0,0.0,0.0,0.0,0.0,0.0,0.0,-179.99996948242188,0.0,0.0,0.0,-27.05712890625,0.0,0.0,0.0,0.0,0.0,-9.530982971191406
1576073048686,0.0,0.0,0.0,0.0,0.0,0.0,0.0,0.0,0.0,0.0,0.0,0.0,0.0,-179.99996948242188,0.0,0.0,0.0,-27.533437728881836,0.0,0.0,0.0,0.0,0.0,-9.526176452636719
1576073048857,0.0,0.0,0.0,0.0,0.0,0.0,0.0,0.0,0.0,0.0,0.0,0.0,0.0,-179.99996948242188,0.0,0.0,0.0,-28.00950813293457,0.0,0.0,0.0,0.0,0.0,-9.521408081054688
1576073049000,0.0,0.0,0.0,0.0,0.0,0.0,0.0,0.0,0.0,0.0,0.0,0.0,0.0,-179.99996948242188,0.0,0.0,0.0,-28.485342025756836,0.0,0.0,0.0,0.0,0.0,-9.516677856445312
1576073049140,0.0,0.0,0.0,0.0,0.0,0.0,0.0,0.0,0.0,0.0,0.0,0.0,0.0,-179.99996948242188,0.0,0.0,0.0,-28.9609375,0.0,0.0,0.0,0.0,0.0,-9.511909484863281
1576073049277,0.0,0.0,0.0,0.0,0.0,0.0,0.0,0.0,0.0,0.0,0.0,0.0,0.0,-179.99996948242188,0.0,0.0,0.0,-29.43629264831543,0.0,0.0,0.0,0.0,0.0,-9.507102966308594
1576073049465,0.0,0.0,0.0,0.0,0.0,0.0,0.0,0.0,0.0,0.0,0.0,0.0,0.0,-179.99996948242188,0.0,0.0,0.0,-29.911413192749023,0.0,0.0,0.0,0.0,0.0,-9.502410888671875
1576073049602,0.0,0.0,0.0,0.0,0.0,0.0,0.0,0.0,0.0,0.0,0.0,0.0,0.0,-179.99996948242188,0.0,0.0,0.0,-30.386293411254883,0.0,0.0,0.0,0.0,0.0,-9.497604370117188
1576073049744,0.0,0.0,0.0,0.0,0.0,0.0,0.0,0.0,0.0,0.0,0.0,0.0,0.0,-179.99996948242188,0.0,0.0,0.0,-30.860939025878906,0.0,0.0,0.0,0.0,0.0,-9.492912292480469
1576073049872,0.0,0.0,0.0,-7.970697435411012e-10,-1.1988822379294106e-08,-0.005818808451294899,1.7774334537534742e-06,-4.2709502601212535e-09,-1.670870247716394e-10,-1.5941395759000443e-08,-2.397764546913095e-07,-0.11637616902589798,0.0,-179.99996948242188,0.0,0.0,0.0,-31.335346221923828,0.0,0.0,0.0,0.0,0.0,-9.488143920898438
1576073050050,0.0,0.0,0.0,2.4563968636925892e-09,1.7271213792469098e-08,-0.000481067574582994,5.424142727861181e-06,-8.894377288015676e-07,-6.121808615588975e-11,6.506932948013855e-08,5.852007234352641e-07,0.10675481706857681,0.0,-179.99996948242188,0.0,0.0,0.0,-31.80951499938965,0.0,0.0,0.0,0.0,0.0,-9.483375549316406
1576073050177,0.0,0.0,0.0,4.704521661125227e-09,2.9267441803426664e-08,0.0022591447923332453,8.782433724263683e-06,-1.6939751503741718e-06,-2.7621724352222543e-11,4.49624977250096e-08,2.399245602191513e-07,0.0548042431473732,0.0,-179.99996948242188,0.0,0.0,0.0,-32.283447265625,0.0,0.0,0.0,0.0,0.0,-9.478645324707031
1576073050303,0.0,0.0,0.0,6.13131678761647e-09,3.034630324805221e-08,0.003459220053628087,8.859022273099981e-06,-2.202058340117219e-06,2.1575964972986306e-11,2.8535902529824853e-08,2.1577228892510902e-08,0.024001505225896835,0.0,-179.99996948242188,0.0,0.0,0.0,-32.757144927978516,0.0,0.0,0.0,0.0,0.0,-9.473953247070312
1576073050448,0.0,0.0,0.0,6.400822982755017e-09,-1.1364181595752143e-08,0.0037779423873871565,9.306803804065567e-06,-2.2865572191221872e-06,-2.0082679963451255e-09,5.390123902770938e-09,-8.34209686217946e-07,0.006374446675181389,0.0,-179.99996948242188,0.0,0.0,0.0,-33.23060607910156,0.0,0.0,0.0,0.0,0.0,-9.469223022460938
1576073050571,0.0,0.0,0.0,5.957024207248196e-09,7.2531110006934796e-09,0.003623282304033637,1.0817984730238095e-05,-2.4178239073080476e-06,-4.5068113130319887e-10,-8.875975510136414e-09,3.7234585192891245e-07,-0.003093201667070389,0.0,-179.99996948242188,0.0,0.0,0.0,-33.703826904296875,0.0,0.0,0.0,0.0,0.0,-9.46441650390625
1576073050732,0.0,0.0,0.0,8.749265312246735e-09,4.252730789744419e-08,0.0032421047799289227,1.263234662474133e-05,-3.133530071863788e-06,-6.295885340845686e-11,5.584482209997077e-08,7.054839556985826e-07,-0.007623550482094288,0.0,-179.99996948242188,0.0,0.0,0.0,-34.176815032958984,0.0,0.0,0.0,0.0,0.0,-9.459762573242188
1576073050867,0.0,0.0,0.0,-2.0985593707223416e-08,-8.903514370217636e-09,0.002778314985334873,-6.1627488321391866e-06,7.795537385391071e-06,-5.660810709073871e-10,-5.946972123638261e-07,-1.0286164524586638e-06,-0.009275795891880989,0.0,-179.99996948242188,0.0,0.0,0.0,-34.64956283569336,0.0,0.0,0.0,0.0,0.0,-9.4549560546875
1576073051028,0.0,0.0,0.0,-3.035432172282526e-08,-2.8192616241540236e-08,0.0010321612935513258,-2.1491299776243977e-05,1.1441462447692174e-05,2.9797272982357015e-10,-1.8737455320660956e-07,-3.8578204453187936e-07,-0.03492307290434837,0.0,-179.99996948242188,0.0,0.0,0.0,-35.12207794189453,0.0,0.0,0.0,0.0,0.0,-9.450302124023438
1576073051185,0.0,0.0,0.0,3.018038441382487e-08,1.2761054790644266e-07,0.0014178582932800055,4.2715280869742855e-05,-1.1098599316028412e-05,-2.8994917578017976e-10,1.2106941085221479e-06,3.116063226116239e-06,0.007713939994573593,0.0,-179.99996948242188,0.0,0.0,0.0,-35.594356536865234,0.0,0.0,0.0,0.0,0.0,-9.445571899414062
1576073051310,0.0,0.0,0.0,3.0169459819262556e-08,1.3296019574227103e-07,0.001495684147812426,3.964190909755416e-05,-1.0797781214932911e-05,-7.503425103472239e-10,-2.184918912462308e-10,1.0699295671656728e-07,0.0015565170906484127,0.0,-179.99996948242188,0.0,0.0,0.0,-36.0663948059082,0.0,0.0,0.0,0.0,0.0,-9.440765380859375
1576073051465,0.0,0.0,0.0,-3.586485064488443e-08,7.488979214542724e-09,0.0014093719655647874,-6.693532213830622e-06,1.3432023479253985e-05,-5.826760185456692e-10,-1.320686237704649e-06,-2.5094243483181344e-06,-0.001726243644952774,0.0,-179.99996948242188,0.0,0.0,0.0,-36.53820037841797,0.0,0.0,0.0,0.0,0.0,-9.436111450195312
1576073051589,0.0,0.0,0.0,2.52390073285369e-08,3.209943244542046e-08,0.0012482659658417106,3.228858986403793e-05,-9.319895070802886e-06,-3.3908471586130418e-09,1.2220772305227001e-06,4.922090965919779e-07,-0.0032221199944615364,0.0,-179.99996948242188,0.0,0.0,0.0,-37.009769439697266,0.0,0.0,0.0,0.0,0.0,-9.431381225585938
1576073051729,0.0,0.0,0.0,-1.0304599840083029e-08,-1.6793883617083338e-08,0.0010613389313220978,7.035000635369215e-06,3.426187731747632e-06,-8.576371279822581e-10,-7.108721433723986e-07,-9.778663070392213e-07,-0.0037385406903922558,0.0,-179.99996948242188,0.0,0.0,0.0,-37.48110580444336,0.0,0.0,0.0,0.0,0.0,-9.426727294921875
1576073051867,0.0,0.0,0.0,-1.1349414741346209e-08,2.196476422966498e-08,0.0008792174630798399,6.5588510551606305e-06,4.065188932145247e-06,-4.513414295082008e-11,-2.0896298025263604e-08,7.751730208838126e-07,-0.0036424293648451567,0.0,-179.99996948242188,0.0,0.0,0.0,-37.95220184326172,0.0,0.0,0.0,0.0,0.0,-9.421920776367188
1576073052071,0.0,0.0,0.0,1.7497024273893658e-08,8.60308944083954e-08,0.000713324814569205,2.7229523766436614e-05,-6.267005119298119e-06,-1.284323758454775e-09,5.769288122792204e-07,1.2813225112040527e-06,-0.003317852970212698,0.0,-179.99996948242188,0.0,0.0,0.0,-38.423065185546875,0.0,0.0,0.0,0.0,0.0,-9.417266845703125
1576073052199,0.0,0.0,0.0,-3.421453929636914e-13,-2.8845794641796374e-09,0.00017834550817497075,-1.078404238796793e-06,-1.8098681190889532e-12,4.996413005553535e-11,-3.4994735642612795e-07,-1.7783094108381192e-06,-0.01069958508014679,0.0,-179.99996948242188,0.0,0.0,0.0,-38.89369201660156,0.0,0.0,0.0,0.0,0.0,-9.41253662109375
1576073052341,0.0,0.0,0.0,-1.671439764372451e-09,-4.8335589752923624e-08,0.00028857190045528114,-2.170396692235954e-05,8.935324444792059e-07,-7.333424145716805e-11,-3.342195142863602e-08,-9.090201729122782e-07,0.002204527845606208,0.0,-179.99996948242188,0.0,0.0,0.0,-39.36408233642578,0.0,0.0,0.0,0.0,0.0,-9.407806396484375
1576073052465,0.0,0.0,0.0,-6.83225778175256e-08,1.1692268486740431e-08,0.0003197327605448663,-1.9583488608532207e-07,2.533489532652311e-05,-2.817971633817251e-09,-1.3330227375263348e-06,1.2005571079498623e-06,0.0006232172017917037,0.0,-179.99996948242188,0.0,0.0,0.0,-39.8342399597168,0.0,0.0,0.0,0.0,0.0,-9.403152465820312
1576073052637,0.0,0.0,0.0,2.321051262299534e-08,4.720528323787221e-08,0.0003084240888711065,2.2258764147409238e-05,-8.600302862760145e-06,-1.5178977519347825e-10,1.8306617448615725e-06,7.102602808117808e-07,-0.00022617343347519636,0.0,-179.99996948242188,0.0,0.0,0.0,-40.304161071777344,0.0,0.0,0.0,0.0,0.0,-9.398422241210938
1576073052776,0.0,0.0,0.0,2.2752178807650125e-08,6.217470627234434e-08,0.0002773585438262671,2.28154422075022e-05,-8.430837624473497e-06,9.65851010281682e-11,-9.166676306904264e-09,2.993884606894426e-07,-0.0006213109008967876,0.0,-179.99996948242188,0.0,0.0,0.0,-40.77384948730469,0.0,0.0,0.0,0.0,0.0,-9.393768310546875
1576073052889,0.0,0.0,0.0,-8.879137425310546e-09,1.5171076839237685e-08,0.00023868396237958223,-3.917459991953365e-07,3.4765816963044927e-06,-1.0414966111760293e-10,-6.326263246592134e-07,-9.400725957675604e-07,-0.0007734916289336979,0.0,-179.99996948242188,0.0,0.0,0.0,-41.24330520629883,0.0,0.0,0.0,0.0,0.0,-9.389114379882812
1576073053064,0.0,0.0,0.0,-1.3066761006541583e-08,-4.798190289534432e-08,0.00019886514928657562,-1.8011062365985708e-06,4.700573754234938e-06,-1.8769308329780188e-09,-8.375246807190706e-08,-1.2630596302187769e-06,-0.0007963762618601322,0.0,-179.99996948242188,0.0,0.0,0.0,-41.712528228759766,0.0,0.0,0.0,0.0,0.0,-9.38446044921875
1576073053191,0.00036883019492961466,-6.103515261202119e-05,6.940353159734514e-06,0.00030434608925133944,1.593353044881951e-05,0.00016234551731031388,-0.0004072848823852837,-0.020917292684316635,-0.0033985141199082136,0.006087183021008968,0.00031963022775016725,-0.0007303926395252347,0.0,-179.99996948242188,0.0,0.0,0.0,-42.1815185546875,0.0,0.0,0.0,0.0,0.0,-9.379806518554688
1576073053387,-0.05593924596905708,0.0,1.2479958058975171e-05,0.4251364767551422,3.29078307004238e-06,0.000130326472572051,-0.00030677721952088177,1.49880850315094,0.0013010887196287513,8.49664306640625,-0.0002528549521230161,-0.0006403808947652578,0.0,-179.99996948242188,0.0,0.0,0.0,-42.650272369384766,0.0,0.0,0.0,0.0,0.0,-9.375076293945312
1576073053571,-0.14745694398880005,7.639363320777193e-05,4.4145061110612005e-05,0.8170457482337952,5.814455562358489e-06,9.645761747378856e-05,-0.0007470090640708804,1.9186224937438965,0.0016896965680643916,7.8381853103637695,5.047344893682748e-05,-0.0006773771019652486,0.0,-179.99996948242188,0.0,0.0,0.0,0.0,0.0,0.0,0.0,0.0,0.0,853.0054321289062
1576073053686,-0.241877481341362,0.0001674871309660375,8.972965588327497e-05,1.17976975440979,8.54455902299378e-06,6.518231384688988e-05,-0.0009705538395792246,1.8361308574676514,0.0018766141729429364,7.254480361938477,5.4602067393716425e-05,-0.0006255060434341431,0.0,-179.99996948242188,0.0,0.0,0.0,-0.489836722612381,0.0,0.0,0.0,0.0,0.0,-9.796734809875488
1576073053834,-0.32412660121917725,0.00026482297107577324,0.00013765040785074234,1.5173420906066895,1.1755208106478676e-05,3.8598303945036605e-05,-0.0009514837875030935,1.5363965034484863,0.001986311748623848,6.751446723937988,6.421298166969791e-05,-0.0005316801834851503,0.0,-179.99996948242188,0.0,0.0,0.0,-0.9794285297393799,0.0,0.0,0.0,0.0,0.0,-9.79183578491211
1576073053955,-0.3886650502681732,0.00036651192931458354,0.00017954756913241,1.830440878868103,1.561903627589345e-05,1.9470782717689872e-05,-0.0007749653304927051,1.1623103618621826,0.0020552382338792086,6.2619757652282715,7.727656338829547e-05,-0.00038255040999501944,0.05867132171988487,179.99832153320312,0.0012115446152165532,0.00021547313372138888,0.0021088311914354563,-1.275002360343933,0.07274394482374191,3.5201404094696045,-0.10262835025787354,0.00430946284905076,0.04217662289738655,-5.9114766120910645
1576073054105,-0.4336828291416168,0.00046855551772750914,0.00021331491007003933,2.113517999649048,2.0146519091213122e-05,9.897489690047223e-06,-0.0005915100919082761,0.772882342338562,0.002037295838817954,5.6615424156188965,9.054965630639344e-05,-0.00019146586419083178,0.1361871361732483,179.99832153320312,0.0004032149154227227,0.0035829234402626753,-0.0003466058406047523,-0.7497021555900574,-0.018055777996778488,1.0909582376480103,0.0012209012638777494,0.06734900921583176,-0.04910874366760254,10.506004333496094
1576073054230,-0.4612426459789276,0.000570397125557065,0.00023694674018770456,2.3765788078308105,2.5546545657562092e-05,4.977350272383774e-06,-0.00048079012776724994,0.45064908266067505,0.0020511290058493614,5.261216163635254,0.0001080005313269794,-9.840278653427958e-05,0.16410894691944122,179.99832153320312,-3.0517578125e-05,0.001194401760585606,-0.0001340317539870739,-0.4240608811378479,-0.0051663462072610855,0.36168453097343445,0.0004319948493503034,-0.047770433127880096,0.004251481965184212,6.5128254890441895
1576073054410,-0.4757363200187683,0.0006746070575900376,0.0002525172312743962,2.628649950027466,3.196892066625878e-05,5.492248419614043e-06,-0.00023903169494587928,0.21859057247638702,0.0021056358236819506,5.0414228439331055,0.0001284475001739338,1.0297962944605388e-05,0.1712123453617096,179.99832153320312,-0.00012207030522404239,0.00020512235641945153,-3.542183549143374e-05,-0.22375032305717468,-0.0006532560801133513,0.06239006668329239,0.00011071756307501346,-0.01978558674454689,0.001972198486328125,4.006211280822754
1576073054542,-0.48108434677124023,0.000781905313488096,0.0002603168541099876,2.871913194656372,3.923619442502968e-05,6.27413101028651e-06,-0.00014024166739545763,0.05840892717242241,0.002168419538065791,4.865264892578125,0.00014534547517541796,1.5637651813449338e-05,0.17010584473609924,179.99832153320312,-9.155274165095761e-05,-0.00017333320283796638,9.262285857403185e-06,-0.10363443940877914,0.0005599710857495666,-0.05174792930483818,-1.3011188457312528e-05,-0.007569110952317715,0.000893682474270463,2.402317762374878
1576073054675,-0.4802852272987366,0.0008923111599870026,0.00026456679916009307,3.107802152633667,4.779352093464695e-05,9.268169378628954e-06,-6.183070945553482e-05,-0.04754452407360077,0.002229459350928664,4.717779159545898,0.00017114653019234538,5.9880767366848886e-05,0.16614434123039246,179.99832153320312,-6.103515261202119e-05,-0.0002919903490692377,2.651177601364907e-05,-0.034156616777181625,0.0006594305741600692,-0.08756992220878601,-5.488335227710195e-05,-0.0023731428664177656,0.0003449898213148117,1.3895565271377563
1576073054835,-0.4755792021751404,0.0010058453772217035,0.0002665758365765214,3.337430238723755,5.7318571634823456e-05,9.935629350366071e-06,-4.800195529242046e-05,-0.11395160108804703,0.002291649580001831,4.592561721801758,0.00019050101400353014,1.3349199434742332e-05,0.1615544557571411,179.99832153320312,-3.0517576306010596e-05,-0.00030439539114013314,3.1477000447921455e-05,0.0038711579982191324,0.0004566110437735915,-0.09140373766422272,-6.389117334038019e-05,-0.00024810084141790867,9.930448868544772e-05,0.7605555057525635
1576073054957,-0.468537300825119,0.0011224948102608323,0.00026522279949858785,3.561676263809204,6.783254502806813e-05,1.1613817150646355e-05,4.5018652599537745e-05,-0.15231961011886597,0.0023531545884907246,4.484920501708984,0.00021027946786489338,3.356375600560568e-05,0.15723778307437897,179.99832153320312,-3.0517576306010596e-05,-0.0002771616564132273,3.1159623176790774e-05,0.02280271053314209,0.00022893480490893126,-0.08328930288553238,-6.0438822401920334e-05,0.0005446746945381165,-6.347545422613621e-06,0.378631055355072
1576073055091,-0.46020445227622986,0.0012422375148162246,0.00026355526642873883,3.7812318801879883,7.936223119031638e-05,1.1098918548668735e-05,1.1523660759849008e-05,-0.17142057418823242,0.0024159750901162624,4.391112327575684,0.00023059372324496508,-1.0297972039552405e-05,0.15345385670661926,179.99832153320312,-3.0517578125e-05,-0.00023835149477235973,2.790248800010886e-05,0.03048461116850376,8.93123506102711e-05,-0.0716705322265625,-5.2904470067005605e-05,0.0007762032328173518,-6.514270353363827e-05,0.15363800525665283
1576073055240,-0.4513866901397705,0.0013650832697749138,0.0002622686151880771,3.996652364730835,9.195914026349783e-05,1.1995223758276552e-05,3.505629365463392e-06,-0.177689328789711,0.0024772449396550655,4.308409690856934,0.000251938181463629,1.7926104192156345e-05,0.15026415884494781,179.99832153320312,-3.0517576306010596e-05,-0.00019946317479480058,2.3942642656038515e-05,0.03182489052414894,5.2493822295218706e-05,-0.06000595539808273,-4.462019569473341e-05,0.000777766399551183,-7.91969068814069e-05,0.026805587112903595
1576073055374,-0.44256892800331116,0.001490997732616961,0.00025948454276658595,4.208395481109619,0.00010551013838266954,1.0908215699600987e-05,-4.340506620792439e-06,-0.1757749617099762,0.0025395238772034645,4.234862327575684,0.0002710199623834342,-2.1740161173511297e-05,0.14761404693126678,179.99832153320312,-3.0517576306010596e-05,-0.00016436303849332035,2.0278621377656236e-05,0.029844440519809723,5.376666081247095e-07,-0.0494660846889019,-3.696984640555456e-05,0.0007020027260296047,-7.328042556764558e-05,-0.03960900008678436
1576073055496,-0.433962881565094,0.001619964255951345,0.000257181964116171,4.416813850402832,0.00012024300667690113,1.104170769394841e-05,6.577892054338008e-05,-0.1690094769001007,0.0025988537818193436,4.168367385864258,0.00029465736588463187,2.6698398869484663e-06,0.14544886350631714,179.99832153320312,-3.0517576306010596e-05,-0.00013455937732942402,1.6425648937001824e-05,0.026351599022746086,-5.059549039287958e-06,-0.04051149636507034,-3.0285069442470558e-05,0.0005960732232779264,-7.705944881308824e-05,-0.06985682994127274
1576073055650,-0.4258417785167694,0.0017519155517220497,0.0002544298768043518,4.622204303741455,0.00013600847159978002,9.80213826551335e-06,5.460452302941121e-05,-0.15956467390060425,0.002658391371369362,4.107809066772461,0.0003153092984575778,-2.4791388568701223e-05,0.14367985725402832,179.99832153320312,-3.0517578125e-05,-0.00010959277278743684,1.3458227840601467e-05,0.02237831801176071,-5.8496375459071714e-06,-0.03300407528877258,-2.4752895114943385e-05,0.0004993320908397436,-5.9348421928007156e-05,-0.07946562021970749
1576073055774,-0.4182124733924866,0.0018868375336751342,0.000253801146754995,4.824812412261963,0.0001528608991065994,7.933247616165318e-06,3.1033869163366035e-05,-0.14894527196884155,0.002717737341299653,4.052162170410156,0.00033704855013638735,-3.7377812986960635e-05,0.14223867654800415,179.99832153320312,-3.0517576306010596e-05,-8.907841402105987e-05,1.070801226887852e-05,0.01849781721830368,1.0291635135217803e-06,-0.02683311328291893,-2.0099296307307668e-05,0.00041028717532753944,-5.500431143445894e-05,-0.07761001586914062
1576073055910,-0.41112956404685974,0.0020247241482138634,0.00025373129756189883,5.024840831756592,0.00017066200962290168,7.1895055953064e-06,2.896606019930914e-05,-0.138063445687294,0.002777229296043515,4.000568389892578,0.00035602221032604575,-1.4874840417178348e-05,0.14107072353363037,179.99832153320312,-3.051757266803179e-05,-7.22079785191454e-05,8.470728062093258e-06,0.01498754508793354,2.3051461539580487e-05,-0.02175622433423996,-1.6291825886582956e-05,0.00033740871003828943,-4.474568413570523e-05,-0.0702054426074028
1576073056092,-0.4038075804710388,0.0021639324259012938,0.0002519202826078981,5.223377704620361,0.00018971183453686535,0.008964761160314083,9.624801168683916e-05,-0.13680876791477203,0.002805193653330207,3.9707374572753906,0.0003809964982792735,0.17915143072605133,0.14012132585048676,179.99832153320312,-3.0517576306010596e-05,-5.8526882639853284e-05,7.0067098931758665e-06,0.011957654729485512,4.075368997291662e-05,-0.0176356453448534,-1.3201834008214064e-05,0.00027362193213775754,-2.928036337834783e-05,-0.06059780716896057
1576073056228,-0.39748966693878174,0.0023059791419655085,0.0002527469187043607,5.417566299438477,0.00020960513211321086,0.003582357196137309,1.707402248030121e-06,-0.12733325362205505,0.00284965755417943,3.8837718963623047,0.00039786595152691007,-0.10764807462692261,0.16034550964832306,-179.99526977539062,-0.00274658203125,-0.15251407027244568,-0.0040204753167927265,0.009419606998562813,-0.04673520848155022,0.786181628704071,0.14254938066005707,-3.0491108894348145,-0.08054964244365692,-0.05076095461845398
1576073056364,-0.3926334083080292,0.002452910877764225,0.0002522016002330929,5.621368408203125,0.00023052086180541664,0.0008195274276658893,-1.2660701941058505e-05,-0.049457550048828125,0.003039523959159851,4.076042175292969,0.00041831459384411573,-0.05525659769773483,0.21976815164089203,-179.98948669433594,-0.015075682662427425,-0.3773011267185211,-0.017463192343711853,0.007331198081374168,-0.25851204991340637,1.1491445302963257,-0.17371277511119843,-4.49574089050293,-0.2688543498516083,-0.04176817834377289
1576073056519,-0.3851611912250519,0.0026042996905744076,0.00025133334565907717,5.775881767272949,0.0002489245089236647,-0.0005041426047682762,2.367696833971422e-05,-0.27322664856910706,0.0029758294112980366,3.0902671813964844,0.0003680729423649609,-0.026473401114344597,0.2658446133136749,-179.9947967529297,-0.02636718936264515,-0.5252398252487183,-0.025161096826195717,0.005659475922584534,-0.21808043122291565,0.8971225619316101,-0.05505777895450592,-2.9587740898132324,-0.15395808219909668,-0.033434443175792694
1576073056648,-0.3828047513961792,0.0027709456626325846,0.00025026724324561656,6.01538610458374,0.00027356002829037607,-0.0010512316366657615,2.5954404918593355e-05,0.07481204718351364,0.003505485597997904,4.79008674621582,0.0004927103873342276,-0.010941781103610992,0.2983289957046509,-179.97824096679688,-0.0333862267434597,-0.657337486743927,-0.029057025909423828,0.004336607176810503,-0.06567325443029404,0.5729437470436096,1.196969985961914,-2.641953229904175,-0.07791858166456223,-0.026457374915480614
1576073056809,-0.37579697370529175,0.00293587613850832,0.00025331677170470357,6.153440475463867,0.0002965025487355888,-0.0011974246008321643,-5.1148366765119135e-05,-0.24131006002426147,0.003199782921001315,2.761087417602539,0.00045885040890425444,-0.0029238592833280563,0.37132322788238525,-179.90167236328125,-0.0480651780962944,-1.0587642192840576,-0.04906651750206947,0.003280435921624303,-0.3410433530807495,1.6854890584945679,1.722843885421753,-8.028534889221191,-0.4001898169517517,-0.021123424172401428
1576073056963,-0.37456756830215454,0.0031093228608369827,0.00025689462199807167,6.387025833129883,0.0003266743733547628,-0.0011487380834296346,-1.172066004073713e-05,0.07618008553981781,0.0035918138455599546,4.6717071533203125,0.0006034364923834801,0.0009737303480505943,0.45375674962997437,-179.7978057861328,-0.06631467491388321,-1.4050135612487793,-0.06739338487386703,0.002443783450871706,-0.37214234471321106,1.5617846250534058,2.2474470138549805,-6.924986839294434,-0.36653733253479004,-0.01673305034637451
1576073057099,-0.36877554655075073,0.0032789590768516064,0.00026133531355299056,6.528223037719727,0.00035297367139719427,-0.001019632094539702,-0.00010908718104474247,-0.20537787675857544,0.0033021862618625164,2.823944091796875,0.0005259859608486295,0.0025821197777986526,0.5183703303337097,-179.67507934570312,-0.0815124437212944,-1.702584981918335,-0.08283509314060211,0.0018079796573147178,-0.30025726556777954,1.1478166580200195,2.589144468307495,-5.951428413391113,-0.30883416533470154,-0.012716075405478477
1576073057229,-0.36760759353637695,0.003455027937889099,0.00026357045862823725,6.75118350982666,0.0003854369278997183,-0.0008617871790193021,-0.00010289902274962515,0.06036566197872162,0.003622137475758791,4.459209442138672,0.0006492651300504804,0.003156898310407996,0.5626162886619568,-179.55738830566406,-0.0835571214556694,-1.9713037014007568,-0.0860564112663269,0.0013414815766736865,-0.05144713819026947,0.7593985199928284,2.418079376220703,-5.3743743896484375,-0.06442636251449585,-0.009329961612820625
1576073057395,-0.36245763301849365,0.0036277819890528917,0.00026795093435794115,6.895830154418945,0.00041444844100624323,-0.0007101400988176465,-0.00010381219180999324,-0.1776866465806961,0.0033824138808995485,2.892932891845703,0.0005802302621304989,0.0030329416040331125,0.5903741717338562,-179.434814453125,-0.0839538425207138,-2.2211503982543945,-0.0958024263381958,0.0010019729379564524,-0.03138172999024391,0.46351560950279236,2.5245728492736816,-4.996933937072754,-0.19492030143737793,-0.006790172774344683
1576073057514,-0.3607774078845978,0.003804922103881836,0.0002708893152885139,7.105405330657959,0.00044880961650051177,-0.0005727957468479872,-6.558646418852732e-05,0.026705076918005943,0.0035998637322336435,4.191503524780273,0.0006872235098853707,0.0027468870393931866,0.6065139174461365,-179.30026245117188,-0.087249755859375,-2.4591386318206787,-0.11024811863899231,0.0007506645051762462,-0.08571507781744003,0.26077160239219666,2.7749814987182617,-4.759764671325684,-0.2889138460159302,-0.005026168655604124
1576073057661,-0.3382582664489746,0.003921894822269678,0.0002701545599848032,7.126142501831055,0.0004702951409853995,-0.00045427377335727215,9.833752119448036e-05,-0.6560441851615906,0.0017216403502970934,0.41474342346191406,0.0004297104896977544,0.0023704394698143005,0.6124356985092163,-179.4570770263672,0.05863441526889801,-2.674006700515747,0.09418017417192459,0.0005737492465414107,3.9090476036071777,0.08869502693414688,-5.840571880340576,-4.297361373901367,4.088565826416016,-0.0035383051726967096
1576073057813,-0.2935751676559448,0.003956234082579613,0.0002523625153116882,7.111791133880615,0.0004820707836188376,-0.00035066480631940067,0.0005066306912340224,-0.9705312848091125,0.00029246837948448956,-0.28702735900878906,0.0002355128526687622,0.0020721792243421078,0.615195095539093,-179.5139923095703,0.07112505286931992,-2.9013490676879883,-0.030602239072322845,0.0004319805884733796,-0.7489551901817322,0.03862161934375763,0.5623517632484436,-4.546847343444824,-2.4956483840942383,-0.0028353731613606215
1576073057927,-0.24496471881866455,0.003971272613853216,0.00021666739485226572,7.1143951416015625,0.0004875240847468376,-0.00026885318220593035,0.0008486662991344929,-0.9547411799430847,0.00033869637991301715,0.05208015441894531,0.00010906602256000042,0.0016362324822694063,0.6168616414070129,-179.47119140625,0.03614535555243492,-3.1273837089538574,-0.04697684198617935,0.0003335968649480492,-0.6392927765846252,0.02118694968521595,0.9258659482002258,-4.520692825317383,-0.3274920582771301,-0.0019676745869219303
1576073058060,-0.19885411858558655,0.003971101716160774,0.00018153911514673382,7.100840091705322,0.0004887752584181726,-0.00020756122830789536,0.000758867827244103,-0.898884654045105,-0.0001641273993300274,-0.2711009979248047,2.502347342669964e-05,0.0012258391361683607,0.616445004940033,-179.281982421875,-0.05709837004542351,-3.343316078186035,-0.14625559747219086,0.0002502787101548165,-1.9238373041152954,-0.03659239783883095,4.54234504699707,-4.318647384643555,-1.9855750799179077,-0.0016663630958646536
1576073058268,-0.15936195850372314,0.003974476829171181,0.00014417034981306642,7.102877140045166,0.0004895780584774911,-0.0001620975963305682,0.0007742602028883994,-0.7333478331565857,0.00018432611250318587,0.040740966796875,1.605600118637085e-05,0.0009092726395465434,0.615898609161377,-179.07339477539062,-0.1148376315832138,-3.564192056655884,-0.1634281724691391,0.00018143489432986826,-0.9395031332969666,-0.028202150017023087,4.170012950897217,-4.417519569396973,-0.34345149993896484,-0.001376876374706626
1576073058387,-0.12579841911792755,0.0039704227820038795,0.00011298169556539506,7.089457035064697,0.0004891417338512838,-0.00012710360169876367,0.0006604972295463085,-0.641548216342926,-0.00021473919332493097,-0.268402099609375,-8.726492524147034e-06,0.0006998798926360905,0.6150038838386536,-178.9079132080078,-0.1261596381664276,-3.7836804389953613,-0.16024796664714813,0.00013303446758072823,-0.11078204959630966,-0.0244053415954113,3.1820132732391357,-4.389767646789551,0.06360411643981934,-0.0009680085349828005
1576073058528,-0.09905822575092316,0.003972488455474377,8.693175186635926e-05,7.0914530754089355,0.0004894291050732136,-9.992841660277918e-05,0.0004802691692020744,-0.48273223638534546,0.0001684805320110172,0.039920806884765625,5.747424438595772e-06,0.0005435036728158593,0.6135011911392212,-178.8345947265625,-0.0881042405962944,-4.001353740692139,-0.12328062951564789,0.00011184735194547102,0.8048093914985657,-0.018266579136252403,1.1161144971847534,-4.353466033935547,0.7393467426300049,-0.0004237423127051443
1576073058654,-0.07696256786584854,0.003967965953052044,6.748603482265025e-05,7.078000545501709,0.0004889304400421679,-8.15064922790043e-05,0.00040158978663384914,-0.42383521795272827,-0.0002208363584941253,-0.26905059814453125,-9.973300620913506e-06,0.0003684384864754975,0.6114043593406677,-178.8086395263672,-0.0455322191119194,-4.216322898864746,-0.10874315351247787,9.018348646350205e-05,0.7654080390930176,-0.02915928326547146,0.3839733302593231,-4.299383163452148,0.29074952006340027,-0.0004332773096393794
1576073058797,-0.06005784869194031,0.0039698900654911995,5.137104744790122e-05,7.080068111419678,0.0004891376593150198,-6.270316953305155e-05,0.0003088714147452265,-0.2970477342605591,0.00016831973334774375,0.041351318359375,4.144385457038879e-06,0.0003760664549190551,0.6088976860046387,-178.77626037597656,-0.0253601036965847,-4.428713321685791,-0.118319071829319,6.850054342066869e-05,0.2956183850765228,-0.046324558556079865,0.7061120867729187,-4.247808456420898,-0.1915183663368225,-0.00043365886085666716
1576073058973,-0.04601498320698738,0.0039652870036661625,3.869134161504917e-05,7.066542625427246,0.0004884509253315628,-4.964000981999561e-05,0.0002939119003713131,-0.2740413248538971,-0.00022345584875438362,-0.2705097198486328,-1.373467966914177e-05,0.00026126319426111877,0.6059333682060242,-178.68572998046875,-0.042114246636629105,-4.637642860412598,-0.15810111165046692,5.135633909958415e-05,-0.42006412148475647,-0.06972865760326385,2.0839741230010986,-4.178590774536133,-0.7956408262252808,-0.0003428841009736061
1576073059125,-0.05884207785129547,0.004037810023874044,3.210070281056687e-05,7.24263334274292,0.0005021350225433707,-4.081045699422248e-05,-4.7873996663838625e-05,0.5669611692428589,0.0024621649645268917,3.5218143463134766,0.0002736819442361593,0.0001765910565154627,0.6027300357818604,-178.53955078125,-0.0776977390050888,-4.844405174255371,-0.1995520144701004,3.684383409563452e-05,-0.7100094556808472,-0.08197884261608124,3.1535260677337646,-4.135246276855469,-0.8290180563926697,-0.0002902501146309078
1576073059239,-0.10775988548994064,0.004217833746224642,4.8402365791844204e-05,7.492828845977783,0.000532334262970835,-3.430748256505467e-05,-0.0005402782117016613,1.0974003076553345,0.003947524353861809,5.003910064697266,0.0006039848085492849,0.00013005948858335614,0.5995198488235474,-178.37152099609375,-0.10852048546075821,-5.0501861572265625,-0.22830671072006226,2.278901774843689e-05,-0.5572161078453064,-0.07981068640947342,3.441093683242798,-4.115619659423828,-0.5750939249992371,-0.000281096319667995
1576073059378,-0.15417784452438354,0.004409983288496733,8.556412649340928e-05,7.647881984710693,0.0005647352081723511,-2.997852243424859e-05,-0.0008973117801360786,0.8148364424705505,0.003701450303196907,3.101062774658203,0.000648018904030323,8.657920261612162e-05,0.5960500836372375,-178.23629760742188,-0.11303708702325821,-5.256233215332031,-0.23046238720417023,0.008974811062216759,-0.0003085324424318969,-0.0671766847372055,2.588391065597534,-4.120941162109375,-0.043113529682159424,0.17904043197631836
1576073059510,-0.12362641841173172,0.004997356794774532,-0.21694941818714142,7.793761253356934,-0.007972147315740585,0.0320226289331913,2.560319423675537,-0.40594497323036194,0.016092535108327866,2.9175853729248047,-0.17073765397071838,0.6410521268844604,0.5848280787467957,-178.60777282714844,0.16057904064655304,-5.422585964202881,0.1068347916007042,0.003609379753470421,7.514589309692383,-0.10663386434316635,-12.422382354736328,-3.327054977416992,6.745943546295166,-0.10730862617492676
1576073059639,-0.10562203824520111,0.005596889648586512,-0.2641296088695526,7.854106903076172,-0.005731402430683374,0.016028231009840965,0.43508991599082947,-0.3697194457054138,0.006564116571098566,1.2069129943847656,0.04481489956378937,-0.3198879659175873,0.5800879597663879,-178.9614715576172,0.257251113653183,-5.6306986808776855,0.008767455816268921,0.0007787932408973575,0.11488644033670425,-0.04402420297265053,-4.754357814788818,-4.162254333496094,-1.9613467454910278,-0.05661172792315483
1576073059831,-0.08761083334684372,0.005988973658531904,-0.2660216987133026,7.898394584655762,-0.0019261358538642526,0.007308351807296276,-0.07262351363897324,-0.37371960282325745,0.007819518446922302,0.8857536315917969,0.07610533386468887,-0.17439758777618408,0.5788653492927551,-179.13909912109375,0.23580972850322723,-5.834414958953857,0.0031016927678138018,-0.00051590905059129,-0.46546289324760437,-0.027706624940037727,-3.3023183345794678,-4.0743255615234375,-0.11331526935100555,-0.02589404582977295
1576073059978,-0.06127362325787544,0.0060937968082726,-0.259552001953125,7.87706995010376,8.966436143964529e-05,0.0026878074277192354,-0.13670873641967773,-0.5998775959014893,-5.959364716545679e-05,-0.42649269104003906,0.04031600430607796,-0.09241089224815369,0.5742003321647644,-178.91439819335938,0.01225194986909628,-6.013542175292969,-0.2245899885892868,-0.0009990171529352665,-4.847660064697266,-0.16927720606327057,6.662661075592041,-3.5825443267822266,-4.553833484649658,-0.009662162512540817
1576073060148,-0.029479095712304115,0.006119724828749895,-0.25347891449928284,7.8496575355529785,0.0008463357225991786,0.00035161833511665463,-0.11133196204900742,-0.6512508988380432,0.000913353927899152,-0.548248291015625,0.015133427456021309,-0.046723783016204834,0.5715296864509583,-178.4824981689453,-0.2027282565832138,-6.2040534019470215,-0.3429426848888397,-0.0011831981828436255,-3.813668727874756,-0.13461355865001678,9.22384262084961,-3.8102245330810547,-2.367053985595703,-0.003683620598167181
1576073060263,0.00777958519756794,0.006012327037751675,-0.2489013671875,7.778101444244385,0.0010503818048164248,-0.0007367050275206566,-0.0821872353553772,-0.7849266529083252,-0.0034694194328039885,-1.431121826171875,0.004080921411514282,-0.02176646515727043,0.5709286332130432,-178.09487915039062,-0.2978515326976776,-6.401941299438477,-0.37408795952796936,-0.0011989693157374859,-1.4250497817993164,-0.05804067477583885,7.45980167388916,-3.9577579498291016,-0.6229054927825928,-0.0003154226578772068
1576073060405,0.04545490816235542,0.0059076882898807526,-0.245513916015625,7.712782382965088,0.0010633860947564244,-0.0011565950699150562,-0.06182456761598587,-0.7320780158042908,-0.0014368813717737794,-1.3063812255859375,0.0002600857987999916,-0.008397800847887993,0.5689001083374023,-178.04217529296875,-0.18194575607776642,-6.598420143127441,-0.2345171719789505,-0.0010132626630365849,2.8256356716156006,0.05670596659183502,-0.7185259461402893,-3.929576873779297,2.7914156913757324,0.0037141330540180206
1576073060527,0.03583800047636032,0.0057304599322378635,-0.330596923828125,7.613180160522461,-0.002276498591527343,0.018791329115629196,2.0156707763671875,0.4864910840988159,-0.0021317172795534134,-1.992044448852539,-0.06679769605398178,0.3989584743976593,0.5614346861839294,-178.46945190429688,0.12453591078519821,-6.766479969024658,0.05457467585802078,-0.0008028408628888428,7.689096927642822,0.011043951846659184,-12.961681365966797,-3.361196517944336,5.781836986541748,0.004208436235785484
1576073060709,0.0312754362821579,0.005571349523961544,-0.3700866401195526,7.529613494873047,-0.003000599332153797,0.009067663922905922,0.39458170533180237,-0.051938917487859726,-0.0025792368687689304,-1.6713333129882812,-0.014482014812529087,-0.1944732964038849,0.5038220286369324,-179.08636474609375,0.3620232343673706,-6.692808151245117,0.13121043145656586,-0.0007338825962506235,3.8056740760803223,-1.4658706188201904,-12.24848461151123,1.4734363555908203,1.532715082168579,0.0013791653327643871
1576073060836,0.04658188670873642,0.005252830684185028,-0.3735656440258026,7.412681579589844,-0.0009411041392013431,0.0038372508715838194,-0.02444153092801571,-0.41052544116973877,-0.008113306015729904,-2.3386383056640625,0.041189901530742645,-0.10460825264453888,0.45066267251968384,-179.47317504882812,0.38477644324302673,-6.761227130889893,0.0880768820643425,-0.0005756181199103594,-0.15092748403549194,-0.8059074878692627,-6.521610260009766,-1.3683795928955078,-0.8626710176467896,0.0031652895268052816
1576073061016,0.0675300732254982,0.0049665519036352634,-0.3695068657398224,7.322670936584473,0.00029541918775066733,0.0011179776629433036,-0.09200455248355865,-0.4042477011680603,-0.004439125303179026,-1.8002128601074219,0.024730466306209564,-0.0543854683637619,0.3884328305721283,-179.39205932617188,0.16973161697387695,-6.673804759979248,-0.1212279200553894,-0.00031616660999134183,-4.783992767333984,-1.4681719541549683,4.031404495239258,1.7484474182128906,-4.18609619140625,0.005189030431210995
1576073061141,0.0917772501707077,0.004625949542969465,-0.36517333984375,7.193835258483887,0.0007493380107916892,-0.00021349209418985993,-0.08087614923715591,-0.5240404605865479,-0.008326896466314793,-2.5767135620117188,0.00907837599515915,-0.02662939578294754,0.344610333442688,-178.904052734375,-0.1388550102710724,-6.714674472808838,-0.3328537046909332,-0.00018660294881556183,-5.979976177215576,-0.6843671202659607,11.473040580749512,-0.8173942565917969,-4.232515811920166,0.002591273281723261
1576073061312,0.11260931938886642,0.004383665043860674,-0.3617858588695526,7.104846477508545,0.0008434906485490501,-0.0007931912550702691,-0.061694007366895676,-0.3545096814632416,-0.002959874691441655,-1.779775619506836,0.0018830527551472187,-0.011593983508646488,0.29653266072273254,-178.90882873535156,-0.025970458984375,-6.627782344818115,-0.005666921380907297,-0.0001772585092112422,5.553375720977783,-1.0515309572219849,-6.2221455574035645,1.7378425598144531,6.543735980987549,0.00018688879208639264
1576073061421,0.13337992131710052,0.004051416181027889,-0.3591918647289276,6.967197895050049,0.0008127210894599557,-0.0009811482159420848,-0.04729050025343895,-0.450557678937912,-0.00932994019240141,-2.752971649169922,-0.000615391181781888,-0.0037591392174363136,0.2649020552635193,-179.4922332763672,0.2804957926273346,-6.666238307952881,0.19515393674373627,-0.00017479843518231064,5.771302223205566,-0.2681637108325958,-13.234480857849121,-0.7691192626953125,4.016417503356934,4.920148057863116e-05
1576073061564,0.10057453066110611,0.004449638072401285,-0.1825561672449112,6.88419246673584,0.008050905540585518,-0.040793273597955704,-4.159172534942627,1.041195273399353,0.07256750017404556,-1.6601085662841797,0.14476369321346283,-0.7962424755096436,0.2325679212808609,179.83563232421875,0.48188427090644836,-6.584202289581299,0.29641515016555786,-0.00029669582727365196,3.3221983909606934,-0.8518341779708862,-13.521998405456543,1.6407203674316406,2.025224208831787,-0.0024379477836191654
1576073061751,0.07651860266923904,0.0031097186729311943,-0.0982055515050888,6.740344047546387,0.008854299783706665,-0.02121151238679886,-0.8835747838020325,0.24293924868106842,-0.1195523589849472,-2.8769683837890625,0.016067884862422943,0.3916352391242981,0.22054679691791534,179.49794006347656,0.42653027176856995,-6.657328128814697,0.18882004916667938,-0.00020370901620481163,-1.8251993656158447,0.05028865113854408,-4.862069606781006,-1.4625167846679688,-2.151901960372925,0.0018597361631691456
1576073061864,0.06813796609640121,0.006670059636235237,-0.0873107835650444,6.663002014160156,0.0040152245201170444,-0.010388026013970375,-0.024499541148543358,0.16107766330242157,0.24931597709655762,-1.5468406677246094,-0.09678150713443756,0.21646973490715027,0.19560295343399048,179.72825622558594,0.1165199801325798,-6.561700820922852,-0.08645083010196686,3.0626913940068334e-05,-6.850033283233643,-0.6683478355407715,7.792840003967285,1.912546157836914,-5.505417823791504,0.004686718340963125
1576073062020,0.0715872123837471,-0.0006713866605423391,-0.0917663648724556,6.516440391540527,0.0014925362775102258,-0.00452602282166481,0.10963492840528488,-0.17544463276863098,-0.5293928980827332,-2.931232452392578,-0.05045376718044281,0.1172400638461113,0.18475660681724548,-179.62123107910156,-0.2476501315832138,-6.602166175842285,-0.3095915913581848,2.355182914470788e-05,-6.8093581199646,0.031446028500795364,14.51801872253418,-0.8093070983886719,-4.462815284729004,-0.00014150168863125145
1576073062158,0.07397777587175369,0.0132533498108387,-0.0974426195025444,6.448619842529297,0.00023030918964650482,-0.001455293269827962,0.11550593376159668,0.023006396368145943,1.0125411748886108,-1.3564109802246094,-0.025244541466236115,0.06141459196805954,0.2538849413394928,-179.00672912597656,-0.422027587890625,-6.939413070678711,-0.353920578956604,-0.00015879844431765378,-2.671459197998047,1.6651078462600708,11.780369758605957,-6.744937896728516,-0.8865797519683838,-0.00364700541831553
1576073062293,0.08183932304382324,-0.006744384765625,-0.1013488695025444,6.294177055358887,0.0005504701402969658,6.493440014310181e-05,0.05581175908446312,-0.2503286600112915,-1.2818142175674438,-3.088855743408203,0.0064032189548015594,0.030404552817344666,0.3401297330856323,-178.85658264160156,-0.2907409369945526,-7.2430620193481445,-0.17136597633361816,-0.00011548978363862261,3.5600550174713135,1.753497838973999,0.21762070059776306,-6.072978973388672,3.651092052459717,0.0008661731844767928
1576073062421,0.08623796701431274,0.01554881315678358,-0.1047668308019638,6.223222732543945,-0.00022359278227668256,0.000742292613722384,0.07756056636571884,0.00048104807501658797,1.3630387783050537,-1.4190864562988281,-0.015481258742511272,0.01354716531932354,0.40720218420028687,-179.28662109375,0.060015447437763214,-7.490311145782471,0.13911893963813782,-9.992841114581097e-06,8.590595245361328,1.2784883975982666,-13.429947853088379,-4.944982528686523,6.20969820022583,0.0021099387668073177
1576073062572,0.09488498419523239,-0.007659912575036287,-0.10675048828125,6.061346530914307,0.0005704811774194241,0.000979183940216899,0.01998431794345379,-0.26342156529426575,-1.4135700464248657,-3.2375240325927734,0.015881478786468506,0.004737826529890299,0.457636296749115,179.84725952148438,0.4475247859954834,-7.7324700355529785,0.3598591983318329,-0.0001808818633435294,7.0808563232421875,0.9355370402336121,-18.668916702270508,-4.843177795410156,4.4148054122924805,-0.003417780390009284
1576073062706,0.09818396717309952,0.01660497486591339,-0.1090087816119194,5.994801998138428,-0.0001976796775124967,0.0009895391995087266,0.058627791702747345,0.037894900888204575,1.4686776399612427,-1.3308906555175781,-0.015363217331469059,0.00020710518583655357,0.49984005093574524,179.15481567382812,0.5746511220932007,-7.983699321746826,0.3581843376159668,-0.00033481739228591323,1.5082614421844482,0.7431210279464722,-12.485830307006836,-5.024585723876953,-0.03349721431732178,-0.0030787105206400156
1576073062854,0.1530030518770218,-0.012969970703125,-0.02078246884047985,5.836291313171387,0.006244478281587362,-0.01913817785680294,-2.1080482006073,-1.4575656652450562,-1.8315821886062622,-3.1702136993408203,0.12884315848350525,-0.40255433320999146,0.5268465876579285,179.0305938720703,0.3820130228996277,-8.207408905029297,0.1427060067653656,-9.840278653427958e-05,-4.937219619750977,0.5490497350692749,1.0305920839309692,-4.474191665649414,-4.309566497802734,0.004728292115032673
1576073062977,0.1974334418773651,0.013510792516171932,0.01783221773803234,5.735811710357666,0.003509765723720193,-0.009473185054957867,-0.3355262875556946,-0.6515757441520691,1.620299220085144,-2.009592056274414,-0.05469425022602081,0.19329985976219177,0.5388131141662598,179.54464721679688,-0.0205078125,-8.391617774963379,-0.17444312572479248,0.0001353419793304056,-9.070626258850098,0.25122418999671936,14.657382011413574,-3.6841773986816406,-6.342982769012451,0.004674895200878382
1576073063130,0.2684127688407898,-0.038543701171875,0.020788459107279778,5.218625545501709,7.844261563150212e-05,-0.004222223535180092,0.03146717697381973,-2.0719313621520996,-0.6836879253387451,-10.34372329711914,-0.06862646341323853,0.1050192266702652,0.5500282645225525,-179.76112365722656,-0.30828848481178284,-8.602293968200684,-0.2610059678554535,1.104170769394841e-05,-4.736088752746582,0.20367614924907684,13.771634101867676,-4.213523864746094,-1.7312568426132202,-0.002486005425453186
1576073063264,0.3876746892929077,-0.0537414513528347,0.01592632569372654,4.5600433349609375,-0.002724279649555683,-0.013926473446190357,0.08146748691797256,-2.6262447834014893,-0.21155445277690887,-13.17164421081543,-0.05605444312095642,-0.1940850019454956,0.5586684346199036,-179.31272888183594,-0.3680419623851776,-8.808414459228516,-0.2298572063446045,-8.040041575441137e-05,-0.4206616282463074,0.13719864189624786,7.493895530700684,-4.122409820556641,0.62297523021698,-0.0018288425635546446
1576073063403,0.5449056029319763,-0.0592651292681694,0.011728526093065739,3.735525131225586,-0.0033548432402312756,-0.0067282808013260365,0.07703066617250443,-3.302098274230957,-0.07366980612277985,-16.49036407470703,-0.012611271813511848,0.14396385848522186,0.5570974946022034,-179.48336791992188,-0.11514279246330261,-8.979910850524902,0.056770894676446915,5.3072664741193876e-05,6.4265947341918945,-0.0045113712549209595,-7.751408576965332,-3.4299278259277344,5.732562065124512,0.0026694615371525288
1576073063595,0.7116646766662598,-0.0611572302877903,0.00839513260871172,2.9141032695770264,-0.0031243255361914635,-0.002547583309933543,0.05570535734295845,-3.2993733882904053,-0.024638308212161064,-16.428436279296875,0.004610354080796242,0.08361395448446274,0.5515514016151428,179.7900848388672,0.2668916881084442,-9.14383316040039,0.31996047496795654,5.2347993914736435e-05,7.563395023345947,-0.10779588669538498,-16.967193603515625,-3.2784461975097656,5.263791561126709,-1.4493416529148817e-05
1576073063716,0.8661977052688599,-0.061859119683504105,0.006107062101364136,2.0985450744628906,-0.0023983786813914776,-0.0002396946947555989,0.03650253638625145,-2.962334632873535,-0.009617187082767487,-16.31116485595703,0.014518937095999718,0.04615776985883713,0.5482387542724609,178.82643127441406,0.5969988703727722,-9.311967849731445,0.5275234580039978,-0.00021084131731186062,6.083722114562988,-0.1620548665523529,-20.163421630859375,-3.3626937866210938,4.151259422302246,-0.005263786297291517
1576073063871,0.9985325932502747,-0.0621948204934597,0.004573133308440447,1.2940199375152588,-0.0015153801068663597,0.0009349026950076222,0.02419174090027809,-2.479024887084961,-0.005036812275648117,-16.090503692626953,0.017659971490502357,0.02349194884300232,0.5482661128044128,178.2028045654297,0.6298155784606934,-9.501679420471191,0.45659732818603516,-0.0002556565450504422,-0.547910213470459,0.01809031143784523,-9.915666580200195,-3.794231414794922,-1.418522596359253,-0.000896304554771632
1576073063995,1.1038541793823242,-0.0623779259622097,0.003497366327792406,0.5179294943809509,-0.0006402698927558959,0.0014468070585280657,0.01718246564269066,-1.906787633895874,-0.002866512630134821,-15.521808624267578,0.017502203583717346,0.010238086804747581,0.541531503200531,178.3120880126953,0.3238622844219208,-9.661404609680176,0.16090911626815796,0.00011159943824168295,-7.548727989196777,0.07389720529317856,7.121567249298096,-3.1945037841796875,-5.913763999938965,0.007345119956880808
1576073064137,1.158120036125183,-0.0625305101275444,0.0029093902558088303,0.003058900823816657,3.430420474614948e-05,0.0016092669684439898,0.005088315345346928,-0.5911230444908142,-0.003918447997421026,-10.297411918640137,0.013491482473909855,0.0032491981983184814,0.5302138924598694,179.15139770507812,-0.171539306640625,-9.797513008117676,-0.19127969443798065,0.0002678424643818289,-10.360708236694336,-0.03122769668698311,20.80968475341797,-2.72216796875,-7.043776512145996,0.00312486058101058
1576073064293,1.0996057987213135,-0.0625915452837944,0.0028066711965948343,-0.004159019328653812,-8.547072866349481e-06,0.0016227306332439184,-0.002525502350181341,1.7836798429489136,-0.0020018634386360645,-0.14435841143131256,-0.0008570256177335978,0.0002692732959985733,0.5268397927284241,-179.73782348632812,-0.5743710994720459,-9.960692405700684,-0.39398759603500366,-8.066739974310622e-05,-7.200869083404541,-0.04068400710821152,22.834733963012695,-3.2635879516601562,-4.0541582107543945,-0.006970197428017855
1576073064421,0.9766759872436523,-0.0627136155962944,0.00345912529155612,-0.006418896373361349,-5.1619292207760736e-05,0.0015467354096472263,-0.013503378257155418,2.687147617340088,-0.002935694996267557,-0.045197539031505585,-0.0008614443941041827,-0.0015199044719338417,0.5270993113517761,-179.1435546875,-0.5677794814109802,-10.13449764251709,-0.21950626373291016,-0.00018418102990835905,2.5582993030548096,0.024719377979636192,6.829984188079834,-3.476104736328125,3.48962664604187,-0.0020702725742012262
1576073064555,0.8334879279136658,-0.0628356784582138,0.0042691840790212154,-0.007085210643708706,-5.0877686589956284e-05,0.001394420862197876,-0.012370050884783268,2.895092487335205,-0.0027142029721289873,-0.013326285406947136,1.4832112356089056e-05,-0.003046290948987007,0.519347071647644,-179.40541076660156,-0.2099914401769638,-10.270599365234375,0.10849296301603317,0.00017182345618493855,9.120107650756836,-0.11461004614830017,-11.42872428894043,-2.722034454345703,6.5599846839904785,0.00712008960545063
1576073064683,0.6924172043800354,-0.0629272386431694,0.004785883706063032,-0.0069043636322021484,-2.532980579417199e-05,0.0012005139142274857,-0.004838332533836365,2.756094455718994,-0.0020807944238185883,0.0036169402301311493,0.0005109576159156859,-0.0038781389594078064,0.5018618106842041,179.42662048339844,0.39477866888046265,-10.355544090270996,0.5678665637969971,0.00018078650464303792,12.87846565246582,-0.4284704029560089,-28.626558303833008,-1.6988945007324219,9.187471389770508,0.0001792609691619873
1576073064881,0.5640984773635864,-0.0629882663488388,0.004884335678070784,-0.006291471421718597,3.717546178449993e-06,0.0009950886014848948,0.003205561777576804,2.459282875061035,-0.0014430887531489134,0.01225784420967102,0.0005809470312669873,-0.004108506254851818,0.4976407289505005,177.90994262695312,0.8946520090103149,-10.49564266204834,0.8417374491691589,-0.0004552082100417465,8.95950984954834,-0.30290594696998596,-31.098133087158203,-2.801971435546875,5.477417945861816,-0.012719893828034401
1576073065040,0.45273905992507935,-0.0630493089556694,0.004633747972548008,-0.0054901824332773685,2.560258326411713e-05,0.0008011054596863687,0.00903030764311552,2.10772442817688,-0.0009423231240361929,0.016025779768824577,0.00043770071351900697,-0.003879662835970521,0.5035693049430847,176.8769989013672,0.9791007041931152,-10.677582740783691,0.767507791519165,-0.0006326574948616326,-0.6484436988830566,0.1551116555929184,-15.926702499389648,-3.6388015747070312,-1.484593152999878,-0.0035489858128130436
1576073065180,0.3590903580188751,-0.0630798265337944,0.004168445244431496,-0.004645529668778181,3.790359551203437e-05,0.0006293201586231589,0.012115211226046085,1.7568585872650146,-0.0005919645191170275,0.01689305528998375,0.00024602023768238723,-0.0034357060212641954,0.49751779437065125,176.89794921875,0.5915493369102478,-10.80914306640625,0.38458144664764404,0.00012227881234139204,-10.701885223388672,0.3429887890815735,8.811476707458496,-2.631206512451172,-7.65852689743042,0.015098726376891136
1576073065324,0.2821824252605438,-0.0631103441119194,0.003627792466431856,-0.0037711523473262787,4.331573654781096e-05,0.0004849769757129252,0.01220372598618269,1.4317104816436768,-0.001218348741531372,0.017487546429038048,0.00010824282071553171,-0.0028868636582046747,0.47674036026000977,178.09715270996094,-0.1312561184167862,-10.881978988647461,-0.1359119415283203,0.0006638946360908449,-15.51566219329834,0.1649266481399536,30.697832107543945,-1.4567184448242188,-10.409868240356445,0.010832316242158413
1576073065497,0.2190646380186081,-0.0627746433019638,0.00316939246840775,-0.0019572710152715445,0.00013811542885378003,0.0003690676821861416,0.013273981399834156,1.178676962852478,0.004377043806016445,0.03627762570977211,0.0018959937151521444,-0.00231818575412035,0.4702789783477783,179.91514587402344,-0.821502685546875,-10.99758243560791,-0.5339530110359192,-4.405240906635299e-05,-12.978504180908203,0.06316838413476944,38.66646194458008,-2.3120689392089844,-7.960821151733398,-0.014158941805362701
1576073065620,0.168070450425148,-0.0624999962747097,0.0026066978462040424,-0.0015665220562368631,0.00011888463632203639,0.0002764813252724707,0.013470279984176159,0.9434762001037598,0.0034950359258800745,0.007814979180693626,-0.0003846158506348729,-0.001851727138273418,0.4809887111186981,-178.75216674804688,-0.9979247450828552,-11.16793441772461,-0.394516259431839,-0.0006876180996187031,1.4829530715942383,0.21659450232982635,18.144489288330078,-3.4070396423339844,2.7887349128723145,-0.012871313840150833
1576073065798,0.12781332433223724,-0.062286365777254105,0.0020818188786506653,-0.001206721062771976,9.975543071050197e-05,0.00020428112475201488,0.011849559843540192,0.7397260665893555,0.002846744144335389,0.007196019869297743,-0.00038258411223068833,-0.0014440040104091167,0.4776897430419922,-178.7358856201172,-0.5898133516311646,-11.284917831420898,-0.014719340018928051,0.00015401181008201092,10.696699142456055,0.07088087499141693,-8.265911102294922,-2.3396682739257812,7.595938682556152,0.01683259755373001
1576073065916,0.09657886624336243,-0.0621032640337944,0.0016383040929213166,-0.0009013712406158447,8.239968155976385e-05,0.00015130381507333368,0.009732924401760101,0.5714208483695984,0.0023446993436664343,0.006106996443122625,-0.0003471149830147624,-0.001059546135365963,0.45859935879707336,-179.94061279296875,0.13310573995113373,-11.3306245803833,0.5188397765159607,0.0006678802892565727,15.96202278137207,-0.36563175916671753,-31.696977615356445,-0.9141349792480469,10.671182632446289,0.010277369059622288
1576073066053,0.07260490953922272,-0.0619506798684597,0.001279411488212645,-0.0006554472493007779,6.769717583665624e-05,0.00010933006706181914,0.007821849547326565,0.4366481602191925,0.0019408005755394697,0.004918479826301336,-0.0002940501144621521,-0.0008394749602302909,0.4614475667476654,178.56895446777344,0.6145244836807251,-11.497467994689941,0.6043137311935425,6.668886635452509e-05,5.519066333770752,0.11598221212625504,-25.660415649414062,-3.3368682861328125,1.7094790935516357,-0.01202382892370224
1576073066196,0.05440928414463997,-0.061828602105379105,0.0009941774187609553,-0.00046471235691569746,5.537864490179345e-05,8.013343176571652e-05,0.006137792952358723,0.3310390114784241,0.0016101186629384756,0.0038146977312862873,-0.00024637061869725585,-0.0005839327350258827,0.47398096323013306,177.5557098388672,0.7571616768836975,-11.668766021728516,0.6860867738723755,-0.00022792830714024603,2.3012120723724365,0.1382233202457428,-18.393451690673828,-3.4259605407714844,1.6354608535766602,-0.005892343353480101
1576073066325,0.04066011309623718,-0.0617065392434597,0.0007709706551395357,-0.00032086370629258454,4.529731086222455e-05,5.791652438347228e-05,0.004877015016973019,0.2495041787624359,0.0013350716326385736,0.0028769730124622583,-0.00020162668079137802,-0.00044433813309296966,0.47624173760414124,177.36456298828125,0.5203657150268555,-11.811660766601562,0.37722915410995483,3.2419524131910293e-07,-7.829523086547852,0.29255494475364685,4.042414665222168,-2.8578948974609375,-6.177152633666992,0.004565050359815359
1576073066531,0.04066011309623718,-0.0617065392434597,0.0007709706551395357,0.0,0.0,0.0,0.0,0.0,0.0,0.006417274009436369,-0.0009059462463483214,-0.0011583304731175303,0.46317559480667114,178.32562255859375,-0.0862731784582138,-11.90066146850586,-0.09285364300012589,0.00041493173921480775,-13.437050819396973,0.15930108726024628,25.97365379333496,-1.7800140380859375,-9.401656150817871,0.008292150683701038
1576073066644,0.04066011309623718,-0.0617065392434597,0.0007709706551395357,0.0,0.0,0.0,0.0,0.0,0.0,0.0,0.0,0.0,0.4612153172492981,179.890869140625,-0.6809080839157104,-12.030182838439941,-0.4320174753665924,-5.341592986951582e-05,-11.208168983459473,0.11633791029453278,33.471736907958984,-2.5904273986816406,-6.783276557922363,-0.009366952814161777
1576073066806,0.04066011309623718,-0.0617065392434597,0.0007709706551395357,0.0,0.0,0.0,0.0,0.0,0.0,0.0,0.0,0.0,0.47307252883911133,-178.79624938964844,-0.9338375926017761,-12.202570915222168,-0.48214879631996155,-0.0005633178516291082,-3.4624059200286865,0.1874871551990509,23.546457290649414,-3.4477615356445312,-1.0026264190673828,-0.010198038071393967
1576073066963,0.04066011309623718,-0.0617065392434597,0.0007709706551395357,0.0,0.0,0.0,0.0,0.0,0.0,0.0,0.0,0.0,0.4760573208332062,-178.40321350097656,-0.7232665419578552,-12.336729049682617,-0.18354842066764832,-0.0002045099827228114,7.565707683563232,0.14014720916748047,-0.6196646094322205,-2.6831626892089844,5.972007751464844,0.007176157087087631
1576073067086,0.04066011309623718,-0.0617065392434597,0.0007709706551395357,0.0,0.0,0.0,0.0,0.0,0.0,0.0,0.0,0.0,0.45846959948539734,-179.29458618164062,-0.0885620042681694,-12.38972282409668,0.3275224566459656,0.0005345979006960988,14.90588665008545,-0.24108101427555084,-26.422822952270508,-1.05987548828125,10.221416473388672,0.014782157726585865
1576073067261,0.04066011309623718,-0.0617065392434597,0.0007709706551395357,0.0,0.0,0.0,0.0,0.0,0.0,0.0,0.0,0.0,0.44547173380851746,178.89678955078125,0.6584526300430298,-12.464459419250488,0.7974597811698914,0.00018774718046188354,14.66746711730957,-0.35002851486206055,-40.188636779785156,-1.4947319030761719,9.398746490478516,-0.006937014404684305
1576073067422,0.04066011309623718,-0.0617065392434597,0.0007709706551395357,0.0,0.0,0.0,0.0,0.0,0.0,0.0,0.0,0.0,0.454023152589798,176.94985961914062,1.1855958700180054,-12.599367141723633,1.0825965404510498,-0.0008393795578740537,9.347128868103027,-0.2214483767747879,-38.610984802246094,-2.6981544494628906,5.70273494720459,-0.020542535930871964
1576073067578,0.04066011309623718,-0.0617065392434597,0.0007709706551395357,0.0,0.0,0.0,0.0,0.0,0.0,0.0,0.0,0.0,0.465743750333786,175.77674865722656,1.2030375003814697,-12.761689186096191,0.9183239340782166,-0.000920809805393219,-3.622755289077759,0.416923850774765,-14.714251518249512,-3.246440887451172,-3.285452127456665,-0.0016286049503833055
1576073067695,0.04066011309623718,-0.0617065392434597,0.0007709706551395357,0.0,0.0,0.0,0.0,0.0,0.0,0.0,0.0,0.0,0.46177539229393005,175.92498779296875,0.7419701218605042,-12.884492874145508,0.5618371367454529,0.00032127744634635746,-11.478185653686523,0.6583128571510315,11.655329704284668,-2.456073760986328,-7.129735946655273,0.02484174445271492
1576073067821,0.04066011309623718,-0.0617065392434597,0.0007709706551395357,0.0,0.0,0.0,0.0,0.0,0.0,0.0,0.0,0.0,0.4099137783050537,177.3043670654297,-0.013214110396802425,-12.778539657592773,0.017495138570666313,0.0010207381565123796,-16.677946090698242,-0.4544121325016022,35.26396560668945,2.1190643310546875,-10.886839866638184,0.013989214785397053
1576073067964,0.04066011309623718,-0.0617065392434597,0.0007709706551395357,0.0,0.0,0.0,0.0,0.0,0.0,0.0,0.0,0.0,0.35325735807418823,179.4205780029297,-0.7858275771141052,-12.699281692504883,-0.444421648979187,0.00030173041159287095,-14.895187377929688,-0.780335009098053,45.240928649902344,1.5851593017578125,-9.238335609436035,-0.014380155131220818
1576073068141,0.04066011309623718,-0.0617065392434597,0.0007709706551395357,0.0,0.0,0.0,0.0,0.0,0.0,0.0,0.0,0.0,0.3218521475791931,-178.7826385498047,-1.130157232284546,-12.695379257202148,-0.476561039686203,-0.0006819923291914165,-3.3645477294921875,-0.5953838229179382,30.032142639160156,0.0780487060546875,-0.6427878141403198,-0.019674453884363174
1576073068268,0.04066011309623718,-0.0617065392434597,0.0007709706551395357,0.0,0.0,0.0,0.0,0.0,0.0,0.0,0.0,0.0,0.28729140758514404,-178.23622131347656,-0.8878782391548157,-12.652045249938965,-0.16009782254695892,-0.00016442420019302517,8.270992279052734,-0.5544135570526123,1.1126266717910767,0.8666801452636719,6.3292646408081055,0.010351362638175488
1576073068405,0.04066011309623718,-0.0617065392434597,0.0007709706551395357,0.0,0.0,0.0,0.0,0.0,0.0,0.0,0.0,0.0,0.23657041788101196,-179.1261749267578,-0.22689807415008545,-12.523028373718262,0.352085143327713,0.002101166406646371,15.329033851623535,-0.7834444642066956,-26.977571487426758,2.5803375244140625,10.243659019470215,0.0453118160367012
1576073068523,0.04066011309623718,-0.0617065392434597,0.0007709706551395357,0.0,0.0,0.0,0.0,0.0,0.0,0.0,0.0,0.0,0.2846071422100067,178.6497802734375,0.7135693430900574,-12.281986236572266,1.0610405206680298,0.06794261932373047,19.571823120117188,1.4701933860778809,-51.973304748535156,4.820842742919922,14.179107666015625,1.316828966140747
1576073068657,0.04066011309623718,-0.0617065392434597,0.0007709706551395357,0.0,0.0,0.0,0.0,0.0,0.0,0.0,0.0,0.0,0.397066205739975,176.11007690429688,1.3659957647323608,-12.225049018859863,1.3368117809295654,0.07026591897010803,9.3012056350708,1.807953953742981,-47.033233642578125,1.1387443542480469,5.515425205230713,0.04646599292755127
1576073068846,0.04066011309623718,-0.0617065392434597,0.0007709706551395357,0.0,0.0,0.0,0.0,0.0,0.0,0.0,0.0,0.0,0.505925714969635,174.69631958007812,1.3241685628890991,-12.222826957702637,1.142730951309204,0.06688997894525528,-4.539788246154785,2.4604599475860596,-18.771337509155273,0.04444122314453125,-3.8816165924072266,-0.06751880049705505
1576073068967,0.04066011309623718,-0.0617065392434597,0.0007709706551395357,0.0,0.0,0.0,0.0,0.0,0.0,0.0,0.0,0.0,0.5986728668212891,174.67691040039062,0.8402950167655945,-12.184588432312012,0.8070074319839478,0.06974480301141739,-11.398874282836914,2.923778772354126,8.601256370544434,0.7647705078125,-6.714470386505127,0.05709648132324219
1576073069101,0.04066011309623718,-0.0617065392434597,0.0007709706551395357,0.0,0.0,0.0,0.0,0.0,0.0,0.0,0.0,0.0,0.6761340498924255,175.92434692382812,0.08102774620056152,-12.09128189086914,0.2945879101753235,0.07342260330915451,-16.699499130249023,1.8705426454544067,32.31841278076172,1.8661308288574219,-10.248390197753906,0.07355600595474243
1576073069253,0.04066011309623718,-0.0617065392434597,0.0007709706551395357,0.0,0.0,0.0,0.0,0.0,0.0,0.0,0.0,0.0,0.609136700630188,178.11476135253906,-0.8047483563423157,-12.155092239379883,-0.2806472182273865,0.08054424077272415,-17.566526412963867,-1.086045503616333,48.912376403808594,-1.2762069702148438,-11.5047025680542,0.14243274927139282
1576073069431,0.04066011309623718,-0.0617065392434597,0.0007709706551395357,0.0,0.0,0.0,0.0,0.0,0.0,0.0,0.0,0.0,0.5492018461227417,-179.66258239746094,-1.3593138456344604,-12.331316947937012,-0.46524471044540405,0.06438297778367996,-7.711005687713623,-0.8382568359375,40.529388427734375,-3.524494171142578,-3.6919498443603516,-0.3232252597808838
1576073069554,0.04066011309623718,-0.0617065392434597,0.0007709706551395357,0.0,0.0,0.0,0.0,0.0,0.0,0.0,0.0,0.0,0.5018071532249451,-178.5862274169922,-1.261810302734375,-12.47057056427002,-0.1968652307987213,0.052987612783908844,6.314391613006592,-1.1303163766860962,10.803634643554688,-2.7850723266601562,5.367589473724365,-0.22790729999542236
1576073069675,0.04066011309623718,-0.0617065392434597,0.0007709706551395357,0.0,0.0,0.0,0.0,0.0,0.0,0.0,0.0,0.0,0.4147290587425232,-179.05348205566406,-0.6715391874313354,-12.536199569702148,0.25890833139419556,0.049056436866521835,13.980827331542969,-1.7006229162216187,-18.882551193237305,-1.3125801086425781,9.115470886230469,-0.07862351834774017
1576073069811,0.04066011309623718,-0.0617065392434597,0.0007709706551395357,0.0,0.0,0.0,0.0,0.0,0.0,0.0,0.0,0.0,0.30308961868286133,179.16542053222656,0.1860981583595276,-12.513375282287598,0.8725703358650208,0.03802352398633957,18.459169387817383,-1.889984130859375,-43.555240631103516,0.4564857482910156,12.273240089416504,-0.22065825760364532
1576073069987,0.04066011309623718,-0.0617065392434597,0.0007709706551395357,0.0,0.0,0.0,0.0,0.0,0.0,0.0,0.0,0.0,0.2861712574958801,176.7493896484375,0.9611892104148865,-12.592167854309082,1.30446457862854,0.01210180763155222,13.976984024047852,-0.5771851539611816,-49.51302719116211,-1.5758514404296875,8.637885093688965,-0.5184343457221985
1576073070109,0.04066011309623718,-0.0617065392434597,0.0007709706551395357,0.0,0.0,0.0,0.0,0.0,0.0,0.0,0.0,0.0,0.31685927510261536,174.92481994628906,1.1944968700408936,-12.757227897644043,1.2558144330978394,-0.00039580423617735505,0.13237246870994568,0.6636517643928528,-27.8861026763916,-3.3012008666992188,-0.9730029106140137,-0.24995224177837372
1576073070306,0.04066011309623718,-0.0617065392434597,0.0007709706551395357,0.0,0.0,0.0,0.0,0.0,0.0,0.0,0.0,0.0,0.3403346538543701,174.46527099609375,0.8765255212783813,-12.89400863647461,0.9857636094093323,-0.0039934939704835415,-8.840239524841309,1.218790888786316,0.011886236257851124,-2.735614776611328,-5.4010162353515625,-0.07195379585027695
1576073070434,0.04066011309623718,-0.0617065392434597,0.0007709706551395357,0.0,0.0,0.0,0.0,0.0,0.0,0.0,0.0,0.0,0.34696677327156067,175.35134887695312,0.2181997150182724,-12.976861000061035,0.5256770253181458,-0.0036770221777260303,-14.903215408325195,1.3156330585479736,26.22411346435547,-1.6570472717285156,-9.20173168182373,0.006329435855150223
1576073070550,0.04066011309623718,-0.0617065392434597,0.0007709706551395357,0.0,0.0,0.0,0.0,0.0,0.0,0.0,0.0,0.0,0.3408947288990021,177.42465209960938,-0.6794127821922302,-12.9757080078125,-0.11720544844865799,-0.0024826107546687126,-19.15278434753418,0.8182056546211243,48.70843505859375,0.023059844970703125,-12.857648849487305,0.023888228461146355
1576073070692,0.04066011309623718,-0.0617065392434597,0.0007709706551395357,0.0,0.0,0.0,0.0,0.0,0.0,0.0,0.0,0.0,0.3603880703449249,-179.97454833984375,-1.4675904512405396,-13.072858810424805,-0.5520113110542297,-0.002437280723825097,-13.859367370605469,0.6913444995880127,52.224491119384766,-1.9430160522460938,-8.696117401123047,0.0009066006168723106
1576073070821,0.04066011309623718,-0.0617065392434597,0.0007709706551395357,0.0,0.0,0.0,0.0,0.0,0.0,0.0,0.0,0.0,0.3981248736381531,-178.06939697265625,-1.6932674646377563,-13.227143287658691,-0.5176271200180054,-0.0023837885819375515,-0.43252235651016235,0.6812955737113953,29.722993850708008,-3.0856895446777344,0.6876838207244873,0.0010698428377509117
1576073071006,0.04066011309623718,-0.0617065392434597,0.0007709706551395357,0.0,0.0,0.0,0.0,0.0,0.0,0.0,0.0,0.0,0.4091351330280304,-177.67633056640625,-1.313568115234375,-13.313720703125,-0.16413192451000214,-0.000887818168848753,10.835556983947754,0.4290177524089813,-3.085045099258423,-1.7315483093261719,7.069903373718262,0.02991940826177597
1576073071133,0.04066011309623718,-0.0617065392434597,0.0007709706551395357,0.0,0.0,0.0,0.0,0.0,0.0,0.0,0.0,0.0,0.38951200246810913,-178.83921813964844,-0.5359190702438354,-13.312483787536621,0.38469982147216797,0.0001262454316020012,17.583894729614258,-0.11411631107330322,-32.955963134765625,0.024738311767578125,10.976634979248047,0.020281272009015083
1576073071254,0.04066011309623718,-0.0617065392434597,0.0007709706551395357,0.0,0.0,0.0,0.0,0.0,0.0,0.0,0.0,0.0,0.3876473605632782,179.23085021972656,0.1878642588853836,-13.420031547546387,0.6971062421798706,-8.486286242259666e-05,12.423398971557617,0.08223463594913483,-39.26253890991211,-2.1509552001953125,6.248128414154053,-0.004222165793180466
1576073071403,0.04066011309623718,-0.0617065392434597,0.0007709706551395357,0.0,0.0,0.0,0.0,0.0,0.0,0.0,0.0,0.0,0.40004414319992065,177.23582458496094,0.7322975993156433,-13.523862838745117,1.0386828184127808,-0.0013573482865467668,10.438651084899902,-0.19752703607082367,-40.25563049316406,-2.0766258239746094,6.831531524658203,-0.025449709966778755
1576073071563,0.04066011309623718,-0.0617065392434597,0.0007709706551395357,0.0,0.0,0.0,0.0,0.0,0.0,0.0,0.0,0.0,0.4160882830619812,175.97906494140625,0.8139121532440186,-13.660475730895996,0.8671756386756897,0.0015387259190902114,-2.8745954036712646,0.4791773855686188,-15.342547416687012,-2.732257843017578,-3.4301435947418213,0.05792148411273956
1576073071684,0.04066011309623718,-0.0617065392434597,0.0007709706551395357,0.0,0.0,0.0,0.0,0.0,0.0,0.0,0.0,0.0,0.42078059911727905,176.21446228027344,0.36363452672958374,-13.740662574768066,0.45349130034446716,0.007303127087652683,-11.329858779907227,0.7997647523880005,14.364160537719727,-1.6037368774414062,-8.273686408996582,0.11528801918029785
1576073071849,0.04066011309623718,-0.0617065392434597,0.0007709706551395357,0.0,0.0,0.0,0.0,0.0,0.0,0.0,0.0,0.0,0.41579458117485046,177.8109130859375,-0.4073486030101776,-13.746788024902344,-0.13518527150154114,0.01093520037829876,-17.226221084594727,0.5943047404289246,40.252098083496094,-0.12250900268554688,-11.773530960083008,0.07264146208763123
1576073071959,0.04066011309623718,-0.0617065392434597,0.0007709706551395357,0.0,0.0,0.0,0.0,0.0,0.0,0.0,0.0,0.0,0.4250904619693756,-179.71116638183594,-1.265411138534546,-13.78079891204834,-0.6929376125335693,0.01184004731476307,-16.989721298217773,0.38143429160118103,53.504539489746094,-0.6802177429199219,-11.155047416687012,0.018096938729286194
1576073072136,0.034881774336099625,-0.061706531792879105,0.0006144115468487144,-0.01913997158408165,1.591463114891667e-05,-0.007453372236341238,0.001651074504479766,-0.05917840823531151,-0.00048429128946736455,-0.3827994465827942,0.00031829261570237577,-0.1490674465894699,0.45850375294685364,-177.42149353027344,-1.724029541015625,-13.919025421142578,-0.823380708694458,0.008430753834545612,-5.006927013397217,0.4446719288825989,39.58137130737305,-2.7645301818847656,-2.6088619232177734,-0.06818586587905884
1576073072304,0.027115849778056145,-0.0599365271627903,0.0017931625479832292,0.03459374979138374,0.003910285420715809,-0.0027709538117051125,-0.10169292241334915,0.26146066188812256,0.12402038276195526,1.074674367904663,0.07788741588592529,0.09364836663007736,0.4634966254234314,-176.4772491455078,-1.5166929960250854,-14.016860961914062,-0.564364492893219,0.009274043142795563,7.891119480133057,0.28380513191223145,8.11855411529541,-1.9567108154296875,5.180324554443359,0.016865786164999008
1576073072431,0.01803852804005146,-0.06512451171875,0.005519199650734663,0.045878972858190536,0.008145484142005444,-0.00016903919458854944,-0.10032401233911514,0.23274965584278107,-0.518168032169342,0.22570446133613586,0.0847039744257927,0.0520382896065712,0.428703635931015,-177.12448120117188,-0.8495789766311646,-14.027660369873047,-0.09809903055429459,0.010062695480883121,15.599220275878906,-0.05419992282986641,-23.28645133972168,-0.2159881591796875,9.325309753417969,0.015773046761751175
1576073072561,0.010545811615884304,-0.037353515625,0.007174849975854158,0.04227501153945923,0.007795548066496849,0.0011625068727880716,0.026578038930892944,0.12012720108032227,1.1161305904388428,-0.07207922637462616,-0.00699872151017189,0.02663092315196991,0.3652033507823944,-179.1837615966797,0.0880226194858551,-13.911558151245117,0.5647156238555908,0.008619378320872784,20.117210388183594,-1.018972635269165,-49.59039306640625,2.3220443725585938,13.256293296813965,-0.028866343200206757
1576073072742,0.005832981318235397,-0.035430908203125,0.008719850331544876,0.04533543810248375,0.012448438443243504,0.001739803235977888,-0.06810982525348663,0.08679503947496414,-0.4864906668663025,0.06120853126049042,0.09305781126022339,0.01154592726379633,0.3120781481266022,177.9700469970703,1.0012907981872559,-13.83524227142334,1.1167210340499878,0.0036380423698574305,17.123371124267578,-1.3096444606781006,-59.2310676574707,1.5263175964355469,11.040107727050781,-0.09962671995162964
1576073072859,-0.007902528159320354,0.014760056510567665,0.029602965340018272,0.16923218965530396,0.06425979733467102,0.0018864920129999518,-1.080930471420288,0.6342398524284363,1.9061449766159058,2.4779348373413086,1.0362272262573242,0.0029337755404412746,0.28998932242393494,175.53195190429688,1.4373962879180908,-13.82947826385498,1.2129158973693848,-0.0012987832305952907,4.297055721282959,-0.7000119686126709,-41.11891555786133,0.1152801513671875,1.9238972663879395,-0.09873650968074799
1576073072994,-0.0656176209449768,0.2419716864824295,0.12322515994310379,0.4728504419326782,0.2032925933599472,0.001798673183657229,-2.0601515769958496,1.2991660833358765,5.845024585723877,6.072364807128906,2.780655860900879,-0.0017563765868544579,0.25417181849479675,174.5978546142578,1.212192177772522,-13.771071434020996,0.9299154281616211,-0.0012773291673511267,-8.110119819641113,-0.15304532647132874,-7.296355247497559,1.1681365966796875,-5.660009384155273,0.0004290812648832798
1576073073179,-0.1343771368265152,0.6360774636268616,0.2132442593574524,0.7313249707221985,0.3081425428390503,0.00159368640743196,-1.6595561504364014,1.3484396934509277,8.849128723144531,5.169490814208984,2.096998929977417,-0.004099735524505377,0.1946057379245758,175.318603515625,0.5504662394523621,-13.626829147338867,0.4498274624347687,0.0005631080130115151,-15.544370651245117,0.02972227707505226,24.875720977783203,2.884845733642578,-9.60175895690918,0.036808744072914124
1576073073323,-0.19122479856014252,1.2329256534576416,0.3159278631210327,0.9162425994873047,0.46996697783470154,0.0013443422503769398,-2.09297251701355,0.9872598052024841,13.39676284790039,3.698352575302124,3.2364888191223145,-0.004986883141100407,0.1261262595653534,177.455810546875,-0.3928832411766052,-13.385567665100098,-0.21646209061145782,0.001715469523333013,-20.25897789001465,-0.31548136472702026,50.87736892700195,4.825229644775391,-13.325791358947754,0.023047231137752533
1576073073507,-0.24621464312076569,1.8302686214447021,0.2951584458351135,1.2052345275878906,0.3941948115825653,0.0011205521877855062,1.5361013412475586,1.1592860221862793,10.747636795043945,5.779838562011719,-1.5154433250427246,-0.0044758012518286705,0.09105324745178223,-179.7292022705078,-1.270721673965454,-13.250394821166992,-0.6926719546318054,-0.0045203398913145065,-16.05121612548828,-0.48066097497940063,57.01634979248047,2.7034568786621094,-9.524197578430176,-0.12471619248390198
1576073073681,-0.2962048053741455,2.178095817565918,0.12950144708156586,1.469070553779602,0.19856509566307068,0.0009325189748778939,4.002185344696045,1.0565508604049683,4.729594707489014,5.2767205238342285,-3.9125943183898926,-0.0037606642581522465,-0.07971513271331787,-177.4918670654297,-1.8368531465530396,-13.228219032287598,-0.718373715877533,-0.141177237033844,-11.19449520111084,-6.7835001945495605,37.18275451660156,0.4435157775878906,-0.5140352249145508,-2.733137845993042
1576073073859,-0.32644203305244446,2.140573024749756,-0.1195983812212944,1.6528011560440063,-0.06598024815320969,0.0007444476359523833,4.924430847167969,0.6413998007774353,-3.2818117141723633,3.674612045288086,-5.29090690612793,-0.003761426778510213,-0.4530327618122101,-176.59715270996094,-1.5052186250686646,-13.1932954788208,-0.4782094359397888,-0.19034655392169952,13.909934997558594,-5.982608318328857,7.409948825836182,0.6984710693359375,4.803285598754883,-0.9833863377571106
1576073073985,-0.337862104177475,1.78464674949646,-0.3245238959789276,1.8051873445510864,-0.25594213604927063,0.00055799720576033,3.7425169944763184,0.24894839525222778,-9.056955337524414,3.0477237701416016,-3.7992377281188965,-0.0037290086038410664,-0.6197508573532104,-177.33262634277344,-0.6835632920265198,-13.08829116821289,-0.001619830378331244,-0.09301593899726868,17.66466522216797,-1.343531608581543,-24.556180953979492,2.100086212158203,9.531792640686035,1.9466123580932617
1576073074119,-0.33569011092185974,1.130946397781372,-0.4933471083641052,1.9302831888198853,-0.4687025249004364,0.0003999234177172184,3.254420280456543,-0.05162438750267029,-15.176360130310059,2.5019168853759766,-4.2552080154418945,-0.0031614757608622313,-0.6857919096946716,-179.4208984375,0.30574366450309753,-12.901887893676758,0.6414696574211121,-0.041130244731903076,20.701013565063477,-0.6738811731338501,-49.16809844970703,3.7280654907226562,12.86178970336914,1.037713885307312
1576073074248,-0.32851842045783997,0.23815394937992096,-0.6016844511032104,2.078071355819702,-0.6093910336494446,0.0002860545937437564,1.4360051155090332,-0.1070309579372406,-18.692537307739258,2.955763339996338,-2.813770294189453,-0.0022773765958845615,-0.664789080619812,177.7941131591797,1.1705658435821533,-12.779298782348633,1.163328766822815,-0.03557390347123146,15.597573280334473,0.9695962071418762,-58.136756896972656,2.4517822265625,10.437182426452637,0.11112682521343231
1576073074385,-0.31707102060317993,-0.8800657987594604,-0.6928099989891052,2.1807403564453125,-0.8228223323822021,0.0002004098641918972,1.856195330619812,-0.2884436547756195,-24.148046493530273,2.053380012512207,-4.2686262130737305,-0.001712894532829523,-0.3068872094154358,175.3035888671875,1.4235183000564575,-12.773921966552734,1.201051115989685,-0.1523350179195404,2.903538703918457,10.004781723022461,-42.964744567871094,0.10753631591796875,0.7544469833374023,-2.3352222442626953
